call_ID,round number,salesperson talking time,SP pause,total round pauses,customer talking time,crosstalk1,crosstalk2,crosstalk3,crosstalk4,crosstalk5
00T6000005aR3U0EAK.txt,1,00:03.914,00:00.424,00:01.707,00:00.532,00:00.000,00:00.000,00:00.000,00:00.000,00:00.000,
00T6000005aR3U0EAK.txt,2,00:16.264,00:00.990,00:02.941,00:02.194,00:00.000,00:00.000,00:00.000,00:00.000,00:00.000,
00T6000005aR3U0EAK.txt,3,00:11.316,00:00.956,00:01.199,00:01.939,00:00.000,00:00.000,00:00.000,00:00.000,00:00.000,
00T6000005aR3U0EAK.txt,4,00:04.168,00:00.458,00:01.006,00:04.479,00:00.000,00:00.000,00:00.000,00:00.000,00:00.000,
00T6000005aR3U0EAK.txt,5,00:19.397,00:00.520,00:01.165,00:00.679,00:00.000,00:00.000,00:00.000,00:00.000,00:00.000,
00T6000005aR3U0EAK.txt,6,00:04.490,00:00.209,00:00.984,00:00.866,00:00.000,00:00.000,00:00.000,00:00.000,00:00.000,
00T6000005aR3U0EAK.txt,7,00:00.452,00:00.004,00:00.866,00:00.769,00:00.000,00:00.000,00:00.000,00:00.000,00:00.000,
00T6000005aR3U0EAK.txt,8,00:00.646,00:00.000,00:00.000,00:00.000,00:00.000,00:00.000,00:00.000,00:00.000,00:00.000,
00T6000005aR5VLEA0.txt,1,00:11.604,00:00.605,00:00.993,00:08.879,00:00.000,00:00.000,00:00.000,00:00.000,00:00.000,
00T6000005aR5VLEA0.txt,2,00:00.428,00:00.329,00:00.025,00:06.377,00:01.201,00:00.000,00:00.524,00:00.000,00:00.000,
00T6000005aR5VLEA0.txt,3,00:02.288,00:00.416,00:00.866,00:08.100,00:00.000,00:00.000,00:00.000,00:00.000,00:00.000,
00T6000005aR5VLEA0.txt,4,00:00.323,00:00.436,00:00.328,00:01.517,00:00.000,00:00.000,00:00.000,00:00.000,00:00.000,
00T6000005aR5VLEA0.txt,5,00:01.732,00:00.664,00:00.040,00:00.188,00:00.000,00:00.000,00:00.000,00:00.000,00:00.000,
00T6000005aR5VLEA0.txt,6,00:00.302,00:00.406,00:00.128,00:02.184,00:00.000,00:00.000,00:00.000,00:00.000,00:00.000,
00T6000005aR5VLEA0.txt,7,00:00.275,00:00.255,00:00.000,00:09.154,00:00.000,00:00.000,00:00.000,00:00.000,00:00.000,
00T6000005aR5VLEA0.txt,8,00:07.661,00:00.031,00:00.044,00:01.093,00:00.000,00:00.000,00:00.000,00:00.000,00:00.000,
00T6000005aR5VLEA0.txt,9,00:02.859,00:00.000,00:00.000,00:00.000,00:00.000,00:00.000,00:00.000,00:00.000,00:00.000,
00T6000005aRCT4EAO.txt,1,00:00.525,00:00.534,00:01.457,00:01.242,00:00.000,00:00.000,00:00.000,00:00.000,00:00.000,
00T6000005aRCT4EAO.txt,2,00:03.517,00:00.722,00:01.742,00:00.308,00:00.000,00:00.000,00:00.000,00:00.000,00:00.000,
00T6000005aRCT4EAO.txt,3,00:18.852,00:00.539,00:01.348,00:02.569,00:00.000,00:00.000,00:00.000,00:00.000,00:00.000,
00T6000005aRCT4EAO.txt,4,00:04.292,00:00.000,00:00.491,00:00.183,00:00.000,00:00.000,00:00.000,00:00.000,00:00.000,
00T6000005aRmjqEAC.txt,1,00:00.566,00:00.748,00:00.523,00:00.469,00:00.000,00:00.000,00:00.000,00:00.000,00:00.000,
00T6000005aRmjqEAC.txt,2,00:02.684,00:00.642,00:00.492,00:00.454,00:00.000,00:00.000,00:00.000,00:00.000,00:00.000,
00T6000005aRmjqEAC.txt,3,00:19.789,00:01.089,00:00.673,00:01.247,00:00.000,00:00.000,00:00.000,00:00.000,00:00.000,
00T6000005aRmjqEAC.txt,4,00:02.268,00:00.612,00:00.779,00:01.256,00:00.000,00:00.000,00:00.000,00:00.000,00:00.000,
00T6000005aRmjqEAC.txt,5,00:01.210,00:00.424,00:00.325,00:04.325,00:00.000,00:00.000,00:00.000,00:00.000,00:00.000,
00T6000005aRmjqEAC.txt,6,00:01.414,00:00.257,00:00.756,00:03.538,00:00.000,00:00.000,00:00.000,00:00.000,00:00.000,
00T6000005aRmjqEAC.txt,7,00:02.564,00:00.552,00:00.748,00:05.414,00:00.000,00:00.000,00:00.000,00:00.000,00:00.000,
00T6000005aRmjqEAC.txt,8,00:01.384,00:00.454,00:00.567,00:01.074,00:00.000,00:00.000,00:00.000,00:00.000,00:00.000,
00T6000005aRmjqEAC.txt,9,00:02.359,00:00.393,00:00.582,00:00.537,00:00.000,00:00.000,00:00.000,00:00.000,00:00.000,
00T6000005aRmjqEAC.txt,10,00:01.512,00:00.000,00:00.877,00:00.613,00:00.000,00:00.000,00:00.000,00:00.000,00:00.000,
00T6000005aRmjqEAC.txt,11,00:01.089,00:00.062,00:00.068,00:00.355,00:00.000,00:00.000,00:00.000,00:00.000,00:00.000,
00T6000005aRmjqEAC.txt,12,00:00.369,00:00.000,00:00.000,00:00.000,00:00.000,00:00.000,00:00.000,00:00.000,00:00.000,
00T6000005aS7ndEAC.txt,1,00:06.192,00:00.359,00:00.647,00:00.298,00:00.000,00:00.000,00:00.000,00:00.000,00:00.000,
00T6000005aS7ndEAC.txt,2,00:13.058,00:00.639,00:00.105,00:03.216,00:00.000,00:00.000,00:00.000,00:00.000,00:00.000,
00T6000005aS7ndEAC.txt,3,00:02.376,00:00.345,00:00.674,00:01.812,00:00.000,00:00.000,00:00.000,00:00.000,00:00.000,
00T6000005aS7ndEAC.txt,4,00:02.250,00:00.254,00:01.282,00:01.916,00:00.000,00:00.000,00:00.000,00:00.000,00:00.000,
00T6000005aS7ndEAC.txt,5,00:00.595,00:00.000,00:00.048,00:00.582,00:00.000,00:00.000,00:00.000,00:00.000,00:00.000,
00T6000005aSCLrEAO.txt,1,00:00.420,00:01.139,00:00.000,00:00.000,00:00.000,00:00.000,00:00.000,00:00.000,00:00.000,
00T6000005aSCLrEAO.txt,2,00:05.599,00:00.529,00:00.122,00:00.935,00:00.000,00:00.000,00:00.000,00:00.000,00:00.000,
00T6000005aSCLrEAO.txt,3,00:06.439,00:00.162,00:00.299,00:01.342,00:00.000,00:00.000,00:00.000,00:00.000,00:00.000,
00T6000005aSCLrEAO.txt,4,00:21.528,00:00.610,00:00.000,00:06.345,00:00.000,00:00.000,00:00.000,00:00.000,00:00.000,
00T6000005aSCLrEAO.txt,5,00:04.026,00:00.299,00:00.041,00:00.447,00:00.000,00:00.000,00:00.000,00:00.000,00:00.000,
00T6000005aSCLrEAO.txt,6,00:03.945,00:00.041,00:00.189,00:02.210,00:00.000,00:00.000,00:00.000,00:00.000,00:00.000,
00T6000005aSCLrEAO.txt,7,00:03.972,00:00.108,00:00.366,00:01.627,00:00.000,00:00.000,00:00.000,00:00.000,00:00.000,
00T6000005aSCLrEAO.txt,8,00:00.624,00:00.000,00:00.068,00:01.003,00:00.000,00:00.000,00:00.000,00:00.000,00:00.000,
00T6000005aSNR5EAO.txt,1,00:01.077,00:00.963,00:08.922,00:00.656,00:00.000,00:00.000,00:00.000,00:00.000,00:00.000,
00T6000005aSNR5EAO.txt,2,00:13.235,00:-1.986,00:00.672,00:09.424,00:00.000,00:00.836,00:00.000,00:00.000,00:00.000,
00T6000005aSNR5EAO.txt,3,00:07.855,00:00.448,00:00.001,00:04.262,00:00.000,00:00.000,00:00.000,00:00.000,00:00.000,
00T6000005aSNR5EAO.txt,4,00:02.584,00:00.210,00:00.057,00:00.372,00:00.000,00:00.000,00:00.000,00:00.000,00:00.000,
00T6000005aSNR5EAO.txt,5,00:02.060,00:00.000,-1:59.390,00:01.163,00:00.000,00:00.000,00:00.000,00:00.000,00:00.000,
00T6000005aSQ7PEAW.txt,1,00:00.974,00:01.183,00:06.507,00:00.348,00:00.000,00:00.000,00:00.000,00:00.000,00:00.000,
00T6000005aSQ7PEAW.txt,2,00:00.209,00:00.348,00:00.661,00:00.383,00:00.000,00:00.000,00:00.000,00:00.000,00:00.000,
00T6000005aSQ7PEAW.txt,3,00:23.696,00:00.509,00:00.002,00:01.861,00:00.000,00:00.000,00:00.434,00:00.000,00:00.000,
00T6000005aSQ7PEAW.txt,4,00:04.832,00:00.093,00:00.000,00:00.417,00:00.000,00:00.000,00:00.000,00:00.000,00:00.000,
00T6000005aSQ7PEAW.txt,5,00:13.828,00:00.395,00:00.001,00:02.820,00:00.000,00:00.000,00:00.000,00:00.000,00:00.000,
00T6000005aSQ7PEAW.txt,6,00:01.590,00:00.197,00:00.001,00:00.000,00:00.000,00:00.000,00:00.000,00:01.265,00:00.000,
00T6000005aSQ7PEAW.txt,7,00:00.842,00:00.000,00:00.422,00:00.200,00:00.000,00:00.000,00:00.138,00:00.581,00:00.000,
00T6000005aTbldEAC.txt,1,00:00.615,00:01.430,00:01.141,00:00.000,00:00.000,00:00.000,00:00.000,00:00.000,00:00.000,
00T6000005aTbldEAC.txt,2,00:01.317,00:01.092,00:18.365,00:00.376,00:00.000,00:00.000,00:00.000,00:00.000,00:00.000,
00T6000005aTbldEAC.txt,3,00:01.304,00:00.752,00:01.067,00:00.627,00:00.000,00:00.000,00:00.000,00:00.000,00:00.000,
00T6000005aTbldEAC.txt,4,00:02.898,00:00.602,00:00.953,00:00.628,00:00.000,00:00.000,00:00.000,00:00.000,00:00.000,
00T6000005aTbldEAC.txt,5,00:23.395,00:00.301,00:01.104,00:02.371,00:00.000,00:00.000,00:00.000,00:00.000,00:00.000,
00T6000005aTbldEAC.txt,6,00:01.480,00:00.288,00:00.001,00:00.000,00:00.000,00:00.000,00:00.000,00:01.216,00:00.000,
00T6000005aTbldEAC.txt,7,00:02.221,00:00.001,00:01.718,00:02.672,00:00.000,00:00.000,00:00.000,00:00.000,00:00.000,
00T6000005aTbldEAC.txt,8,00:02.947,00:00.778,00:01.004,00:00.426,00:00.000,00:00.000,00:00.000,00:00.000,00:00.000,
00T6000005aTbldEAC.txt,9,00:02.358,00:00.577,00:01.380,00:00.176,00:00.000,00:00.000,00:00.000,00:00.000,00:00.000,
00T6000005aTbldEAC.txt,10,00:05.720,00:00.001,00:01.079,00:01.003,00:00.000,00:00.000,00:00.000,00:00.000,00:00.000,
00T6000005aTbldEAC.txt,11,00:01.505,00:00.101,00:00.903,00:00.589,00:00.000,00:00.000,00:00.000,00:00.000,00:00.000,
00T6000005aTbldEAC.txt,12,00:00.577,00:00.000,00:00.000,00:00.000,00:00.000,00:00.000,00:00.000,00:00.000,00:00.000,
00T6000005aTqfCEAS.txt,1,00:00.683,00:00.426,00:01.089,00:00.505,00:00.000,00:00.000,00:00.000,00:00.000,00:00.000,
00T6000005aTqfCEAS.txt,2,00:03.187,00:00.772,00:00.614,00:00.930,00:00.000,00:00.000,00:00.000,00:00.000,00:00.000,
00T6000005aTqfCEAS.txt,3,00:20.145,00:00.267,00:01.663,00:11.740,00:00.000,00:00.000,00:00.000,00:00.000,00:00.000,
00T6000005aTqfCEAS.txt,4,00:01.138,00:00.002,00:00.871,00:00.931,00:00.000,00:00.000,00:00.000,00:00.000,00:00.000,
00T6000005aTqfCEAS.txt,5,00:00.443,00:00.000,00:00.000,00:00.000,00:00.000,00:00.000,00:00.000,00:00.000,00:00.000,
00T6000005aTRJlEAO.txt,1,00:01.430,00:00.330,00:01.036,00:00.000,00:00.000,00:00.000,00:00.000,00:00.000,00:00.000,
00T6000005aTRJlEAO.txt,2,00:07.716,00:00.098,00:01.295,00:00.000,00:00.000,00:00.000,00:00.000,00:00.000,00:00.000,
00T6000005aTRJlEAO.txt,3,00:00.482,00:00.884,00:15.102,00:00.625,00:00.000,00:00.000,00:00.000,00:00.000,00:00.000,
00T6000005aTRJlEAO.txt,4,00:14.798,00:00.002,00:01.777,00:10.109,00:00.000,00:00.000,00:00.000,00:00.000,00:00.000,
00T6000005aTRJlEAO.txt,5,00:10.268,00:00.187,00:00.047,00:04.974,00:00.000,00:00.000,00:01.025,00:00.000,00:00.000,
00T6000005aTRJlEAO.txt,6,00:05.109,-1:59.723,00:00.419,00:00.277,00:00.000,00:00.000,00:00.000,00:00.000,00:00.000,
00T6000005aTRJlEAO.txt,7,00:00.277,00:00.000,00:00.000,00:00.000,00:00.000,00:00.000,00:00.000,00:00.000,00:00.000,
00T6000005aTSPKEA4.txt,1,00:24.019,00:00.391,00:02.584,00:08.873,00:02.006,00:00.000,00:00.000,00:00.000,00:00.000,
00T6000005aTSPKEA4.txt,2,00:02.363,00:00.459,00:01.053,00:06.749,00:00.000,00:00.000,00:00.000,00:00.000,00:00.000,
00T6000005aTSPKEA4.txt,3,00:03.247,00:00.374,00:00.781,00:08.925,00:00.000,00:00.000,00:00.000,00:00.000,00:00.000,
00T6000005aTSPKEA4.txt,4,00:04.385,00:00.002,00:00.119,00:01.207,00:00.000,00:02.278,00:00.000,00:00.000,00:00.000,
00T6000005aTSPKEA4.txt,5,00:05.114,00:00.001,00:00.425,00:01.666,00:00.000,00:00.000,00:00.000,00:00.000,00:00.000,
00T6000005aTSPKEA4.txt,6,00:00.781,00:00.000,00:00.000,00:00.000,00:00.000,00:00.000,00:00.000,00:00.000,00:00.000,
00T6000005aTYr5EAG.txt,1,00:01.169,00:00.579,00:00.729,00:00.000,00:00.000,00:00.000,00:00.000,00:00.000,00:00.000,
00T6000005aTYr5EAG.txt,2,00:00.213,00:00.742,00:10.167,00:00.264,00:00.000,00:00.000,00:00.000,00:00.000,00:00.000,
00T6000005aTYr5EAG.txt,3,00:00.666,00:00.515,00:00.992,00:00.277,00:00.000,00:00.000,00:00.000,00:00.000,00:00.000,
00T6000005aTYr5EAG.txt,4,00:03.016,00:00.616,00:01.879,00:02.595,00:00.000,00:00.000,00:00.000,00:00.000,00:00.000,
00T6000005aTYr5EAG.txt,5,00:05.316,00:01.250,00:00.830,00:15.200,00:00.000,00:00.000,00:00.000,00:00.000,00:00.000,
00T6000005aTYr5EAG.txt,6,00:06.202,00:00.452,00:00.980,00:00.302,00:00.000,00:00.000,00:00.000,00:00.000,00:00.000,
00T6000005aTYr5EAG.txt,7,00:01.295,00:00.365,00:00.377,00:00.735,00:00.000,00:00.000,00:00.000,00:00.000,00:00.000,
00T6000005aTYr5EAG.txt,8,00:00.094,00:00.000,00:00.000,00:00.000,00:00.000,00:00.000,00:00.000,00:00.000,00:00.000,
00T6000005auc1cEAA.txt,1,00:01.210,00:00.767,00:15.393,00:00.796,00:00.000,00:00.000,00:00.000,00:00.000,00:00.000,
00T6000005auc1cEAA.txt,2,00:08.552,00:00.472,00:01.651,00:00.973,00:00.000,00:00.000,00:00.000,00:00.000,00:00.000,
00T6000005auc1cEAA.txt,3,00:15.394,00:00.325,00:01.917,00:03.597,00:00.000,00:00.000,00:00.000,00:00.000,00:00.000,
00T6000005auc1cEAA.txt,4,00:05.279,00:00.384,00:02.300,00:07.608,00:00.000,00:00.000,00:00.000,00:00.000,00:00.000,
00T6000005auc1cEAA.txt,5,00:09.230,00:-1.678,00:00.001,00:00.000,00:00.000,00:00.000,00:00.000,00:03.626,00:00.000,
00T6000005auc1cEAA.txt,6,00:07.783,-1:59.262,-1:50.001,00:11.356,00:00.000,00:00.000,00:00.000,00:00.000,00:00.000,
00T6000005auc1cEAA.txt,7,00:05.928,00:03.215,00:00.914,00:02.536,00:00.000,00:00.000,00:00.000,00:00.000,00:00.000,
00T6000005auc1cEAA.txt,8,00:09.201,00:00.515,00:00.707,00:00.561,00:00.000,00:00.000,00:00.000,00:00.000,00:00.000,
00T6000005auc1cEAA.txt,9,00:09.836,00:00.413,00:01.563,00:02.388,00:00.000,00:00.000,00:00.000,00:00.000,00:00.000,
00T6000005auc1cEAA.txt,10,00:04.689,00:00.501,00:00.914,00:08.641,00:00.000,00:00.000,00:00.000,00:00.000,00:00.000,
00T6000005auc1cEAA.txt,11,00:03.507,00:00.000,00:00.000,00:00.000,00:00.000,00:00.000,00:00.000,00:00.000,00:00.000,
00T6000005auL97EAE.txt,1,00:01.116,00:00.429,00:00.000,00:00.000,00:00.000,00:00.000,00:00.000,00:00.000,00:00.000,
00T6000005auL97EAE.txt,2,00:00.993,00:00.699,00:00.895,00:00.000,00:00.000,00:00.000,00:00.000,00:00.000,00:00.000,
00T6000005auL97EAE.txt,3,00:01.692,00:00.527,00:00.944,00:00.000,00:00.000,00:00.000,00:00.000,00:00.000,00:00.000,
00T6000005auL97EAE.txt,4,00:00.270,00:00.576,00:21.446,00:00.270,00:00.000,00:00.000,00:00.000,00:00.000,00:00.000,
00T6000005auL97EAE.txt,5,00:03.004,00:00.454,00:00.001,00:00.392,00:00.000,00:00.000,00:00.000,00:00.000,00:00.000,
00T6000005auL97EAE.txt,6,00:01.385,00:00.454,00:01.190,00:00.404,00:00.000,00:00.000,00:00.000,00:00.000,00:00.000,
00T6000005auL97EAE.txt,7,00:01.778,00:00.441,00:00.638,00:00.539,00:00.000,00:00.000,00:00.000,00:00.000,00:00.000,
00T6000005auL97EAE.txt,8,00:27.909,00:00.441,00:00.723,00:02.048,00:00.000,00:00.000,00:00.000,00:00.000,00:00.000,
00T6000005auL97EAE.txt,9,00:03.986,00:00.601,00:00.001,00:03.922,00:00.000,00:00.000,00:00.000,00:00.000,00:00.000,
00T6000005auL97EAE.txt,10,00:21.054,00:00.405,00:00.238,00:08.995,00:00.000,00:00.000,00:00.000,00:00.000,00:00.000,
00T6000005auL97EAE.txt,11,00:01.459,00:00.319,00:00.003,00:01.346,00:00.000,00:00.000,00:00.000,00:00.000,00:00.000,
00T6000005auL97EAE.txt,12,00:00.576,00:00.000,00:00.491,00:00.000,00:00.000,00:00.000,00:00.000,00:00.392,00:00.000,
00T6000005aUoAmEAK.txt,1,00:03.004,00:00.284,00:00.567,00:01.395,00:00.000,00:00.000,00:00.000,00:00.000,00:00.000,
00T6000005aUoAmEAK.txt,2,00:18.516,00:00.355,00:00.899,00:10.310,00:00.000,00:00.000,00:00.000,00:00.000,00:00.000,
00T6000005aUoAmEAK.txt,3,00:01.466,00:00.236,00:00.875,00:00.686,00:00.000,00:00.000,00:00.000,00:00.000,00:00.000,
00T6000005aUoAmEAK.txt,4,00:00.970,00:00.000,00:00.000,00:00.000,00:00.000,00:00.000,00:00.000,00:00.000,00:00.000,
00T6000005aUXblEAG.txt,1,00:01.908,00:01.319,00:01.083,00:00.895,00:00.000,00:00.000,00:00.000,00:00.000,00:00.000,
00T6000005aUXblEAG.txt,2,00:07.701,00:01.178,00:00.965,00:03.038,00:00.000,00:00.000,00:00.000,00:00.000,00:00.000,
00T6000005aUXblEAG.txt,3,00:00.918,00:00.330,00:01.296,00:12.128,00:00.000,00:00.000,00:00.000,00:00.000,00:00.000,
00T6000005aUXblEAG.txt,4,00:01.012,00:01.272,00:00.801,00:08.337,00:00.000,00:00.000,00:00.000,00:00.000,00:00.000,
00T6000005aUXblEAG.txt,5,00:04.380,00:00.354,00:00.047,00:08.313,00:00.000,00:00.000,00:01.083,00:00.000,00:00.000,
00T6000005aUXblEAG.txt,6,00:01.554,00:00.353,00:00.636,00:01.013,00:00.000,00:00.000,00:00.000,00:00.000,00:00.000,
00T6000005aUXblEAG.txt,7,00:00.353,00:00.000,00:00.565,00:00.424,00:00.000,00:00.000,00:00.000,00:00.000,00:00.000,
00T6000005auXN6EAM.txt,1,00:02.660,00:00.695,00:01.590,00:00.825,00:00.000,00:00.000,00:00.000,00:00.000,00:00.000,
00T6000005auXN6EAM.txt,2,00:17.117,00:00.491,00:01.002,00:11.081,00:00.000,00:00.000,00:00.650,00:00.000,00:00.000,
00T6000005auXN6EAM.txt,3,00:05.121,00:00.528,00:01.161,00:06.952,00:00.000,00:00.000,00:00.000,00:00.000,00:00.000,
00T6000005auXN6EAM.txt,4,00:04.055,00:00.046,00:01.948,00:03.384,00:00.000,00:00.000,00:00.000,00:00.000,00:00.000,
00T6000005auXN6EAM.txt,5,00:04.347,00:00.042,00:00.935,00:01.407,00:00.000,00:00.000,00:00.000,00:00.000,00:00.000,
00T6000005auXN6EAM.txt,6,00:05.328,00:00.000,00:00.916,00:00.616,00:00.000,00:00.000,00:00.000,00:00.000,00:00.000,
00T6000005auXN6EAM.txt,7,00:00.491,00:00.000,00:00.000,00:00.000,00:00.000,00:00.000,00:00.000,00:00.000,00:00.000,
00T6000005avqROEAY.txt,1,00:01.200,00:00.430,00:00.860,00:01.361,00:00.000,00:00.000,00:00.000,00:00.000,00:00.000,
00T6000005avqROEAY.txt,2,00:00.825,00:00.510,00:01.110,00:00.323,00:00.000,00:00.000,00:00.000,00:00.000,00:00.000,
00T6000005avqROEAY.txt,3,00:01.004,00:00.896,00:00.922,00:00.797,00:00.000,00:00.000,00:00.000,00:00.000,00:00.000,
00T6000005avqROEAY.txt,4,00:01.568,00:01.057,00:01.182,00:02.329,00:00.000,00:00.000,00:00.000,00:00.000,00:00.000,
00T6000005avqROEAY.txt,5,00:02.625,00:01.693,00:01.451,00:01.585,00:00.000,00:00.000,00:00.000,00:00.000,00:00.000,
00T6000005avqROEAY.txt,6,00:01.200,00:00.958,00:02.114,00:01.443,00:00.000,00:00.000,00:00.000,00:00.000,00:00.000,
00T6000005avqROEAY.txt,7,00:01.442,00:00.528,00:00.779,00:02.267,00:00.000,00:00.000,00:00.000,00:00.000,00:00.000,
00T6000005avqROEAY.txt,8,00:20.011,00:01.128,00:00.108,00:06.557,00:00.000,00:00.000,00:00.000,00:00.000,00:00.000,
00T6000005avqROEAY.txt,9,00:05.303,00:00.394,00:00.001,00:03.412,00:00.000,00:00.000,00:00.000,00:00.000,00:00.000,
00T6000005avqROEAY.txt,10,00:08.366,00:00.296,00:00.609,00:01.541,00:00.000,00:00.000,00:00.385,00:00.000,00:00.000,
00T6000005avqROEAY.txt,11,00:00.143,00:00.000,00:00.000,00:00.000,00:00.000,00:00.000,00:00.000,00:00.000,00:00.000,
00T6000005avtNOEAY.txt,1,00:01.334,00:00.969,00:01.057,00:00.365,00:00.000,00:00.000,00:00.000,00:00.000,00:00.000,
00T6000005avtNOEAY.txt,2,00:04.317,00:00.718,00:01.699,00:00.566,00:00.000,00:00.000,00:00.000,00:00.000,00:00.000,
00T6000005avtNOEAY.txt,3,00:33.673,00:01.353,00:01.259,00:01.907,00:00.000,00:00.000,00:00.000,00:00.000,00:00.000,
00T6000005avtNOEAY.txt,4,00:03.203,00:00.888,00:00.805,00:01.252,00:00.000,00:00.000,00:00.000,00:00.000,00:00.000,
00T6000005avtNOEAY.txt,5,00:04.543,00:03.657,00:01.108,00:02.611,00:00.000,00:00.000,00:00.000,00:00.000,00:00.000,
00T6000005avtNOEAY.txt,6,00:05.241,00:00.441,00:00.661,00:00.453,00:00.000,00:00.000,00:00.000,00:00.000,00:00.000,
00T6000005avtNOEAY.txt,7,00:06.809,00:00.528,00:00.025,00:01.007,00:00.000,00:00.000,00:00.000,00:00.000,00:00.000,
00T6000005avtNOEAY.txt,8,00:01.026,00:00.774,00:00.038,00:16.009,00:00.000,00:00.000,00:00.000,00:00.000,00:00.000,
00T6000005avtNOEAY.txt,9,00:05.185,00:00.503,00:00.063,00:00.422,00:00.000,00:00.000,00:00.000,00:00.000,00:00.000,
00T6000005avtNOEAY.txt,10,00:06.319,00:00.000,00:00.075,00:01.108,00:00.000,00:00.000,00:00.000,00:00.000,00:00.000,
00T6000005aw4oREAQ.txt,1,00:03.722,00:00.738,00:00.866,00:02.239,00:00.000,00:00.000,00:00.000,00:00.000,00:00.000,
00T6000005aw4oREAQ.txt,2,00:13.222,00:00.029,00:01.847,00:02.378,00:00.000,00:00.000,00:00.000,00:00.000,00:00.000,
00T6000005aw4oREAQ.txt,3,00:00.509,00:00.000,00:00.000,00:00.000,00:00.000,00:00.000,00:00.000,00:00.000,00:00.000,
00T6000005aw6e4EAA.txt,1,00:01.710,00:00.359,00:00.000,00:00.000,00:00.000,00:00.000,00:00.000,00:00.000,00:00.000,
00T6000005aw6e4EAA.txt,2,00:00.731,00:00.827,00:10.977,00:00.897,00:00.000,00:00.000,00:00.000,00:00.000,00:00.000,
00T6000005aw6e4EAA.txt,3,00:00.869,00:00.276,00:00.675,00:00.359,00:00.000,00:00.000,00:00.000,00:00.000,00:00.000,
00T6000005aw6e4EAA.txt,4,00:22.216,00:-1.987,00:00.028,00:00.000,00:00.000,00:00.000,00:00.000,00:01.820,00:00.000,
00T6000005aw6e4EAA.txt,5,00:10.108,00:00.551,00:01.765,00:34.601,00:00.000,00:00.000,00:00.000,00:00.000,00:00.000,
00T6000005aw6e4EAA.txt,6,00:01.517,00:00.068,00:00.069,00:15.446,00:00.000,00:00.000,00:00.000,00:02.248,00:00.000,
00T6000005aw6e4EAA.txt,7,00:07.820,00:00.000,00:00.055,00:01.448,00:00.000,00:00.000,00:00.000,00:00.000,00:00.000,
00T6000005awWuyEAE.txt,1,00:01.412,00:00.330,00:01.318,00:00.000,00:00.000,00:00.000,00:00.000,00:00.000,00:00.000,
00T6000005awWuyEAE.txt,2,00:02.149,00:00.957,00:01.585,00:00.000,00:00.000,00:00.000,00:00.000,00:00.000,00:00.000,
00T6000005awWuyEAE.txt,3,00:00.251,00:00.361,00:12.482,00:01.263,00:00.000,00:00.000,00:00.000,00:00.000,00:00.000,
00T6000005awWuyEAE.txt,4,00:03.538,00:00.424,00:01.804,00:01.075,00:00.000,00:00.000,00:00.000,00:00.000,00:00.000,
00T6000005awWuyEAE.txt,5,00:17.502,00:00.212,00:01.043,00:10.002,00:00.000,00:00.000,00:00.000,00:00.000,00:00.000,
00T6000005awWuyEAE.txt,6,00:01.616,00:00.376,00:-1.984,00:01.248,00:00.000,00:00.000,00:00.000,00:00.000,00:00.000,
00T6000005awWuyEAE.txt,7,00:01.590,00:00.000,00:01.132,00:00.526,00:00.000,00:00.000,00:00.000,00:00.000,00:00.000,
00T6000005awwxuEAA.txt,1,00:03.632,00:00.279,00:01.039,00:03.036,00:00.000,00:00.000,00:00.000,00:00.000,00:00.000,
00T6000005awwxuEAA.txt,2,00:26.304,00:01.093,00:00.062,00:03.191,00:00.000,00:00.000,00:00.000,00:00.000,00:00.000,
00T6000005awwxuEAA.txt,3,00:02.834,00:02.029,00:00.062,00:09.148,00:00.000,00:00.000,00:00.000,00:00.000,00:00.000,
00T6000005awwxuEAA.txt,4,00:01.426,00:00.240,00:05.778,00:00.565,00:00.000,00:00.000,00:00.000,00:00.000,00:00.000,
00T6000005awwxuEAA.txt,5,00:00.357,00:00.000,00:00.000,00:00.000,00:00.000,00:00.000,00:00.000,00:00.000,00:00.000,
00T6000005ax7xlEAA.txt,1,00:00.667,00:00.912,00:22.120,00:01.156,00:00.000,00:00.000,00:00.000,00:00.000,00:00.000,
00T6000005ax7xlEAA.txt,2,00:11.464,00:00.291,00:01.550,00:03.054,00:00.000,00:00.000,00:00.000,00:00.000,00:00.000,
00T6000005ax7xlEAA.txt,3,00:06.494,00:00.516,00:01.306,00:00.395,00:00.000,00:00.000,00:00.000,00:00.000,00:00.000,
00T6000005ax7xlEAA.txt,4,00:17.422,00:00.827,00:00.141,00:01.936,00:00.000,00:00.000,00:00.000,00:00.000,00:00.000,
00T6000005ax7xlEAA.txt,5,00:04.247,00:00.329,00:01.532,00:00.883,00:00.000,00:00.000,00:00.000,00:00.000,00:00.000,
00T6000005ax7xlEAA.txt,6,00:01.720,00:00.328,00:00.009,00:00.273,00:00.000,00:00.000,00:00.000,00:00.000,00:00.000,
00T6000005ax7xlEAA.txt,7,00:00.198,00:00.310,-1:49.019,00:11.272,00:00.000,00:00.000,00:00.000,00:00.000,00:00.000,
00T6000005ax7xlEAA.txt,8,00:00.263,00:00.000,00:00.000,00:00.000,00:00.000,00:00.000,00:00.000,00:00.000,00:00.000,
00T6000005ax9x9EAA.txt,1,00:01.542,00:00.392,00:00.993,00:00.706,00:00.000,00:00.000,00:00.000,00:00.000,00:00.000,
00T6000005ax9x9EAA.txt,2,00:03.332,00:00.483,00:00.980,00:04.156,00:00.000,00:00.000,00:00.000,00:00.000,00:00.000,
00T6000005ax9x9EAA.txt,3,00:00.954,00:00.680,00:00.954,00:00.823,00:00.000,00:00.000,00:00.000,00:00.000,00:00.000,
00T6000005ax9x9EAA.txt,4,00:26.527,00:00.601,00:01.947,00:03.934,00:00.000,00:00.000,00:00.000,00:00.000,00:00.000,
00T6000005ax9x9EAA.txt,5,00:09.291,00:01.133,00:01.241,00:14.166,00:00.000,00:00.000,00:00.000,00:00.000,00:00.000,
00T6000005ax9x9EAA.txt,6,00:05.139,00:00.444,00:04.156,00:03.933,00:00.000,00:00.000,00:00.000,00:00.000,00:00.000,
00T6000005ax9x9EAA.txt,7,00:03.385,00:00.497,00:01.294,00:03.920,00:00.000,00:00.000,00:00.000,00:00.000,00:00.000,
00T6000005ax9x9EAA.txt,8,00:07.161,00:00.222,00:01.333,00:08.899,00:00.000,00:00.000,00:00.000,00:00.000,00:00.000,
00T6000005ax9x9EAA.txt,9,00:02.979,00:00.104,00:00.771,00:00.445,00:00.000,00:00.000,00:00.000,00:00.000,00:00.000,
00T6000005ax9x9EAA.txt,10,00:00.928,00:00.236,00:00.497,00:00.757,00:00.000,00:00.000,00:00.000,00:00.000,00:00.000,
00T6000005ax9x9EAA.txt,11,00:00.575,00:00.000,00:00.000,00:00.000,00:00.000,00:00.000,00:00.000,00:00.000,00:00.000,
00T6000005bJaRdEAK.txt,1,00:02.200,00:00.431,00:01.035,00:00.000,00:00.000,00:00.000,00:00.000,00:00.000,00:00.000,
00T6000005bJaRdEAK.txt,2,00:00.581,00:00.377,00:01.050,00:00.000,00:00.000,00:00.000,00:00.000,00:00.000,00:00.000,
00T6000005bJaRdEAK.txt,3,00:00.280,00:00.725,00:13.555,00:00.317,00:00.000,00:00.000,00:00.000,00:00.000,00:00.000,
00T6000005bJaRdEAK.txt,4,00:00.649,00:00.393,00:01.042,00:00.514,00:00.000,00:00.000,00:00.000,00:00.000,00:00.000,
00T6000005bJaRdEAK.txt,5,00:03.307,00:00.635,00:02.326,00:01.948,00:00.000,00:00.000,00:00.000,00:00.000,00:00.000,
00T6000005bJaRdEAK.txt,6,00:06.033,00:00.688,00:01.171,00:01.842,00:00.000,00:00.000,00:00.000,00:00.000,00:00.000,
00T6000005bJaRdEAK.txt,7,00:05.671,00:00.959,00:00.060,00:03.784,00:00.000,00:00.000,00:00.000,00:00.000,00:00.000,
00T6000005bJaRdEAK.txt,8,00:00.664,00:00.446,00:00.015,00:00.000,00:00.000,00:00.000,00:00.000,00:00.559,00:00.000,
00T6000005bJaRdEAK.txt,9,00:01.261,00:00.000,00:00.000,00:00.000,00:00.000,00:00.000,00:00.000,00:00.000,00:00.000,
00T6000005bJeQ2EAK.txt,1,00:01.462,00:00.589,00:31.227,00:00.566,00:00.000,00:00.000,00:00.000,00:00.000,00:00.000,
00T6000005bJeQ2EAK.txt,2,00:03.514,00:00.401,00:00.944,00:00.507,00:00.000,00:00.000,00:00.000,00:00.000,00:00.000,
00T6000005bJeQ2EAK.txt,3,00:18.549,00:00.483,00:08.455,00:00.342,00:00.000,00:00.000,00:00.000,00:00.000,00:00.000,
00T6000005bJeQ2EAK.txt,4,00:02.948,00:00.507,00:00.696,00:00.932,00:00.000,00:00.000,00:00.000,00:00.000,00:00.000,
00T6000005bJeQ2EAK.txt,5,00:01.945,00:00.224,00:00.390,00:01.403,00:00.000,00:00.000,00:00.000,00:00.000,00:00.000,
00T6000005bJeQ2EAK.txt,6,00:07.724,00:00.401,00:00.672,00:01.096,00:00.000,00:00.000,00:00.000,00:00.000,00:00.000,
00T6000005bJeQ2EAK.txt,7,00:03.066,00:00.477,00:00.572,00:00.213,00:00.000,00:00.000,00:00.000,00:00.000,00:00.000,
00T6000005bJeQ2EAK.txt,8,00:12.105,00:00.460,00:01.214,00:00.431,00:00.000,00:00.000,00:00.000,00:00.000,00:00.000,
00T6000005bJeQ2EAK.txt,9,00:01.934,00:00.018,00:00.406,00:00.625,00:00.000,00:00.000,00:00.000,00:00.000,00:00.000,
00T6000005bJeQ2EAK.txt,10,00:00.189,00:00.000,00:00.000,00:00.000,00:00.000,00:00.000,00:00.000,00:00.000,00:00.000,
00T6000005bJheAEAS.txt,1,00:00.666,00:00.588,00:10.982,00:00.313,00:00.000,00:00.000,00:00.000,00:00.000,00:00.000,
00T6000005bJheAEAS.txt,2,00:03.591,00:00.413,00:01.139,00:00.302,00:00.000,00:00.000,00:00.000,00:00.000,00:00.000,
00T6000005bJheAEAS.txt,3,00:24.328,00:03.134,00:01.732,00:01.436,00:00.000,00:00.000,00:00.000,00:00.000,00:00.000,
00T6000005bJheAEAS.txt,4,00:00.968,00:00.287,00:01.686,00:07.007,00:00.000,00:00.000,00:00.000,00:00.000,00:00.000,
00T6000005bJheAEAS.txt,5,00:00.613,00:00.662,00:05.667,00:00.864,00:00.000,00:00.000,00:00.000,00:00.000,00:00.000,
00T6000005bJheAEAS.txt,6,00:07.782,00:00.341,00:01.256,00:01.920,00:00.000,00:00.000,00:00.000,00:00.000,00:00.000,
00T6000005bJheAEAS.txt,7,00:00.269,00:00.995,00:00.734,00:00.523,00:00.000,00:00.000,00:00.000,00:00.000,00:00.000,
00T6000005bJheAEAS.txt,8,00:10.072,00:00.448,00:00.704,00:00.341,00:00.000,00:00.000,00:00.000,00:00.000,00:00.000,
00T6000005bJheAEAS.txt,9,00:01.993,00:00.228,00:00.726,00:01.064,00:00.000,00:00.000,00:00.000,00:00.000,00:00.000,
00T6000005bJheAEAS.txt,10,00:01.078,00:00.000,00:00.396,00:00.572,00:00.000,00:00.000,00:00.000,00:00.000,00:00.000,
00T6000005bJU9NEAW.txt,1,00:02.972,00:00.247,00:00.000,00:00.000,00:00.000,00:00.000,00:00.000,00:00.000,00:00.000,
00T6000005bJU9NEAW.txt,2,00:01.893,00:00.194,00:00.929,00:00.000,00:00.000,00:00.000,00:00.000,00:00.000,00:00.000,
00T6000005bJU9NEAW.txt,3,00:00.416,00:01.106,00:18.493,00:00.707,00:00.000,00:00.000,00:00.000,00:00.000,00:00.000,
00T6000005bJU9NEAW.txt,4,00:07.146,00:00.858,00:00.822,00:00.398,00:00.000,00:00.000,00:00.000,00:00.000,00:00.000,
00T6000005bJU9NEAW.txt,5,00:04.413,00:00.407,00:01.530,00:06.067,00:00.000,00:00.000,00:00.000,00:00.000,00:00.000,
00T6000005bJU9NEAW.txt,6,00:08.119,00:00.362,00:01.566,00:03.007,00:00.000,00:00.000,00:00.000,00:00.000,00:00.000,
00T6000005bJU9NEAW.txt,7,00:03.980,00:00.377,00:00.425,00:05.583,00:00.000,00:00.000,00:00.000,00:00.000,00:00.000,
00T6000005bJU9NEAW.txt,8,00:01.345,00:01.123,00:00.097,00:15.221,00:00.000,00:00.000,00:00.000,00:01.247,00:00.000,
00T6000005bJU9NEAW.txt,9,00:06.209,00:00.310,00:00.008,00:04.502,00:00.000,00:00.000,00:00.000,00:00.000,00:00.000,
00T6000005bJU9NEAW.txt,10,00:05.669,00:00.345,00:00.530,00:03.467,00:00.000,00:00.000,00:00.000,00:00.000,00:00.000,
00T6000005bJU9NEAW.txt,11,00:02.989,00:00.345,00:00.000,00:10.215,00:00.000,00:00.000,00:00.000,00:00.000,00:00.000,
00T6000005bJU9NEAW.txt,12,00:00.407,00:00.620,00:00.769,00:03.007,00:00.000,00:00.000,00:00.000,00:00.000,00:00.000,
00T6000005bJU9NEAW.txt,13,00:04.979,00:00.575,00:01.291,00:19.360,00:00.000,00:00.000,00:00.000,00:00.000,00:00.000,
00T6000005bJU9NEAW.txt,14,00:01.309,00:00.371,00:00.565,00:02.149,00:00.000,00:00.000,00:00.000,00:00.894,00:00.000,
00T6000005bJU9NEAW.txt,15,00:05.581,00:00.000,00:00.725,00:00.955,00:00.000,00:00.000,00:00.000,00:00.000,00:00.000,
00T6000005bJU9NEAW.txt,16,00:00.929,00:00.000,00:00.071,00:00.442,00:00.000,00:00.000,00:00.000,00:00.000,00:00.000,
00T6000005bJUCpEAO.txt,1,00:01.218,00:00.001,00:00.650,00:00.000,00:00.000,00:00.000,00:00.000,00:00.000,00:00.000,
00T6000005bJUCpEAO.txt,2,00:02.543,00:00.145,00:01.082,00:00.000,00:00.000,00:00.000,00:00.000,00:00.000,00:00.000,
00T6000005bJUCpEAO.txt,3,00:00.606,00:01.241,00:14.823,00:00.526,00:00.000,00:00.000,00:00.000,00:00.000,00:00.000,
00T6000005bJUCpEAO.txt,4,00:20.731,00:00.433,00:00.009,00:00.427,00:00.000,00:00.000,00:00.000,00:00.000,00:00.000,
00T6000005bJUCpEAO.txt,5,00:12.223,00:00.470,00:00.975,00:00.364,00:00.000,00:00.000,00:00.000,00:00.000,00:00.000,
00T6000005bJUCpEAO.txt,6,00:02.087,00:01.229,00:01.582,00:00.357,00:00.000,00:00.000,00:00.000,00:00.000,00:00.000,
00T6000005bJUCpEAO.txt,7,00:01.344,00:01.079,00:00.246,00:00.120,00:00.000,00:00.000,00:00.000,00:00.000,00:00.000,
00T6000005bJUCpEAO.txt,8,00:05.018,00:00.776,00:00.960,00:03.233,00:00.000,00:00.000,00:00.000,00:00.000,00:00.000,
00T6000005bJUCpEAO.txt,9,00:00.412,00:00.887,00:02.136,00:08.210,00:00.000,00:00.000,00:00.879,00:00.000,00:00.000,
00T6000005bJUCpEAO.txt,10,00:18.380,00:00.434,00:05.713,00:01.307,00:00.000,00:00.000,00:00.000,00:00.000,00:00.000,
00T6000005bJUCpEAO.txt,11,00:04.140,00:01.058,00:00.604,00:00.906,00:00.000,00:00.000,00:00.000,00:00.000,00:00.000,
00T6000005bJUCpEAO.txt,12,00:00.605,00:01.671,00:01.111,00:01.696,00:00.000,00:00.000,00:00.000,00:00.000,00:00.000,
00T6000005bJUCpEAO.txt,13,00:01.227,00:00.501,00:00.003,00:02.057,00:00.000,00:00.000,00:00.000,00:00.000,00:00.000,
00T6000005bJUCpEAO.txt,14,00:08.611,00:00.358,00:00.145,00:05.707,00:00.000,00:00.000,00:01.418,00:00.000,00:00.000,
00T6000005bJUCpEAO.txt,15,00:12.647,00:00.000,00:00.000,00:00.000,00:00.000,00:00.000,00:00.000,00:00.000,00:00.000,
00T6000005bJVfxEAG.txt,1,00:01.473,00:00.383,00:01.127,00:00.000,00:00.000,00:00.000,00:00.000,00:00.000,00:00.000,
00T6000005bJVfxEAG.txt,2,00:00.443,00:00.519,00:12.915,00:00.439,00:00.000,00:00.000,00:00.000,00:00.000,00:00.000,
00T6000005bJVfxEAG.txt,3,00:03.395,00:00.850,00:01.347,00:04.857,00:00.000,00:00.000,00:00.000,00:00.000,00:00.000,
00T6000005bJVfxEAG.txt,4,00:22.027,00:00.706,00:00.030,00:19.884,00:00.000,00:00.000,00:00.000,00:00.000,00:00.000,
00T6000005bJVfxEAG.txt,5,00:10.831,00:00.000,00:01.107,00:00.315,00:00.000,00:00.000,00:00.000,00:00.000,00:02.383,
00T6000005bJWthEAG.txt,1,00:00.911,00:00.269,00:00.955,00:00.000,00:00.000,00:00.000,00:00.000,00:00.000,00:00.000,
00T6000005bJWthEAG.txt,2,00:07.070,00:00.195,00:01.436,00:00.000,00:00.000,00:00.000,00:00.000,00:00.000,00:00.000,
00T6000005bJWthEAG.txt,3,00:00.343,00:00.086,00:33.896,00:00.000,00:00.000,00:00.000,00:00.000,00:00.000,00:00.000,
00T6000005bJWthEAG.txt,4,00:00.324,00:00.869,00:08.119,00:00.535,00:00.000,00:00.000,00:00.000,00:00.000,00:00.000,
00T6000005bJWthEAG.txt,5,00:16.724,00:00.108,00:00.117,00:02.106,00:00.000,00:00.000,00:00.000,00:00.000,00:00.000,
00T6000005bJWthEAG.txt,6,00:01.601,00:00.321,00:00.015,00:00.915,00:00.000,00:00.000,00:00.000,00:00.000,00:00.000,
00T6000005bJWthEAG.txt,7,00:10.424,00:00.007,00:00.334,00:05.292,00:00.000,00:00.804,00:00.000,00:00.000,00:00.000,
00T6000005bJWthEAG.txt,8,00:00.573,00:00.229,00:01.206,00:16.595,00:00.000,00:00.000,00:00.000,00:00.000,00:00.000,
00T6000005bJWthEAG.txt,9,00:01.217,00:00.067,00:00.621,00:08.847,00:00.000,00:00.000,00:00.000,00:00.000,00:00.000,
00T6000005bJWthEAG.txt,10,00:01.514,00:00.015,00:01.246,00:01.595,00:00.000,00:00.000,00:00.000,00:00.000,00:00.000,
00T6000005bJWthEAG.txt,11,00:05.055,00:00.319,00:00.046,00:05.314,00:00.000,00:00.000,00:00.000,00:00.000,00:00.000,
00T6000005bJWthEAG.txt,12,00:00.400,00:00.116,00:00.568,00:05.183,00:00.000,00:00.000,00:00.000,00:00.000,00:00.000,
00T6000005bJWthEAG.txt,13,00:01.186,00:00.173,00:00.930,00:00.778,00:00.000,00:00.000,00:00.000,00:00.000,00:00.000,
00T6000005bJWthEAG.txt,14,00:08.689,00:00.065,00:-1.491,00:04.268,00:00.000,00:00.000,00:00.000,00:00.000,00:00.000,
00T6000005bJWthEAG.txt,15,00:09.616,00:00.318,00:00.105,00:03.811,00:00.000,00:00.000,00:00.000,00:00.000,00:00.000,
00T6000005bJWthEAG.txt,16,00:00.272,00:00.088,00:00.011,00:00.000,00:00.000,00:00.000,00:00.000,00:01.123,00:00.000,
00T6000005bJWthEAG.txt,17,00:02.777,00:00.000,00:00.693,00:01.064,00:00.000,00:00.000,00:00.000,00:00.000,00:00.000,
00T6000005F675qEAB.txt,1,00:00.637,00:00.423,00:01.505,00:00.000,00:00.000,00:00.000,00:00.000,00:00.000,00:00.000,
00T6000005F675qEAB.txt,2,00:00.271,00:00.114,00:08.137,00:01.138,00:00.000,00:00.000,00:00.000,00:00.000,00:00.000,
00T6000005F675qEAB.txt,3,00:15.231,00:00.615,00:01.500,00:07.623,00:00.000,00:00.000,00:00.000,00:00.000,00:00.000,
00T6000005F675qEAB.txt,4,00:02.185,00:00.349,00:00.075,00:09.830,00:00.000,00:00.000,00:00.000,00:00.000,00:00.000,
00T6000005F675qEAB.txt,5,00:01.794,00:00.216,00:00.020,00:02.349,00:00.000,00:00.000,00:00.000,00:00.000,00:00.000,
00T6000005F675qEAB.txt,6,00:13.282,00:00.099,00:00.980,00:01.882,00:00.000,00:00.000,00:00.000,00:00.000,00:00.000,
00T6000005F675qEAB.txt,7,00:06.293,00:-1.436,00:00.162,00:00.236,00:00.000,00:00.000,00:00.000,00:00.000,00:00.000,
00T6000005F675qEAB.txt,8,00:08.863,00:00.500,00:01.086,00:00.115,00:00.000,00:00.000,00:00.000,00:00.000,00:00.000,
00T6000005F675qEAB.txt,9,00:05.890,00:00.593,00:01.154,00:00.287,00:00.000,00:00.000,00:00.000,00:00.000,00:00.000,
00T6000005F675qEAB.txt,10,00:14.648,00:00.209,00:01.500,00:00.532,00:00.000,00:00.000,00:00.000,00:00.000,00:00.000,
00T6000005F675qEAB.txt,11,00:13.809,00:00.322,00:00.652,00:01.095,00:00.000,00:00.000,00:00.000,00:00.000,00:00.000,
00T6000005F675qEAB.txt,12,00:05.443,00:00.000,00:00.272,00:01.470,00:00.000,00:00.000,00:00.000,00:00.000,00:00.000,
00T6000005F6cF7EAJ.txt,1,00:02.974,00:00.845,00:00.028,00:00.466,00:00.000,00:00.000,00:00.000,00:00.000,00:00.000,
00T6000005F6cF7EAJ.txt,2,00:05.115,00:00.885,00:00.976,00:00.205,00:00.000,00:00.000,00:00.000,00:00.000,00:00.000,
00T6000005F6cF7EAJ.txt,3,00:34.311,00:00.918,00:16.511,00:02.373,00:00.000,00:00.000,00:00.000,00:00.000,00:00.000,
00T6000005F6cF7EAJ.txt,4,00:04.566,00:00.798,00:00.853,00:02.645,00:00.000,00:00.000,00:00.000,00:00.000,00:00.000,
00T6000005F6cF7EAJ.txt,5,00:03.840,00:00.518,00:00.900,00:01.792,00:00.000,00:00.000,00:00.000,00:00.000,00:00.000,
00T6000005F6cF7EAJ.txt,6,00:11.985,00:06.440,00:01.478,00:02.659,00:00.000,00:00.000,00:00.000,00:00.000,00:00.000,
00T6000005F6cF7EAJ.txt,7,00:08.556,00:00.350,00:01.058,00:00.431,00:00.000,00:00.000,00:00.000,00:00.000,00:00.000,
00T6000005F6cF7EAJ.txt,8,00:01.541,00:00.347,00:00.093,00:01.029,00:00.000,00:00.000,00:00.000,00:00.000,00:00.000,
00T6000005F6cF7EAJ.txt,9,00:00.557,00:00.000,00:00.000,00:00.000,00:00.000,00:00.000,00:00.000,00:00.000,00:00.000,
00T6000005F6f7rEAB.txt,1,00:45.589,00:01.374,00:15.708,00:00.408,00:00.000,00:00.000,00:00.000,00:00.000,00:00.000,
00T6000005F6f7rEAB.txt,2,00:07.989,00:00.007,00:00.389,00:02.718,00:00.000,00:00.000,00:00.000,00:00.000,00:00.000,
00T6000005F6f7rEAB.txt,3,00:03.054,00:00.000,00:00.000,00:00.000,00:00.000,00:00.000,00:00.000,00:00.000,00:00.000,
00T6000005F6FKwEAN.txt,1,00:03.301,00:00.422,00:01.591,00:01.142,00:00.000,00:00.000,00:00.000,00:00.000,00:00.000,
00T6000005F6FKwEAN.txt,2,00:00.342,00:00.391,00:00.872,00:00.312,00:00.000,00:00.000,00:00.000,00:00.000,00:00.000,
00T6000005F6FKwEAN.txt,3,00:25.894,00:00.475,00:00.061,00:05.082,00:00.000,00:00.000,00:00.000,00:00.000,00:00.000,
00T6000005F6FKwEAN.txt,4,00:15.414,00:00.524,00:00.042,00:02.699,00:00.000,00:00.000,00:00.000,00:00.000,00:00.000,
00T6000005F6FKwEAN.txt,5,00:08.078,00:00.580,00:00.009,00:04.455,00:00.000,00:00.000,00:00.000,00:00.000,00:00.000,
00T6000005F6FKwEAN.txt,6,00:00.832,00:00.447,00:00.643,00:00.627,00:00.000,00:00.000,00:00.000,00:00.000,00:00.000,
00T6000005F6FKwEAN.txt,7,00:00.067,00:00.000,00:00.000,00:00.000,00:00.000,00:00.000,00:00.000,00:00.000,00:00.000,
00T6000005F6GF8EAN.txt,1,00:01.372,00:00.455,00:00.778,00:00.000,00:00.000,00:00.000,00:00.000,00:00.000,00:00.000,
00T6000005F6GF8EAN.txt,2,00:01.638,00:00.494,00:01.137,00:00.000,00:00.000,00:00.000,00:00.000,00:00.000,00:00.000,
00T6000005F6GF8EAN.txt,3,00:00.337,00:00.536,02:28.096,00:00.554,00:00.000,00:00.000,00:00.000,00:00.000,00:00.000,
00T6000005F6GF8EAN.txt,4,00:03.590,00:00.277,00:00.648,00:00.828,00:00.000,00:00.000,00:00.000,00:00.000,00:00.000,
00T6000005F6GF8EAN.txt,5,00:24.552,00:00.436,00:00.720,00:13.936,00:00.000,00:00.000,00:00.000,00:00.000,00:00.000,
00T6000005F6GF8EAN.txt,6,00:07.737,00:00.275,00:00.817,00:05.567,00:00.000,00:00.000,00:00.000,00:00.000,00:00.000,
00T6000005F6GF8EAN.txt,7,00:06.197,00:00.658,00:01.161,00:06.061,00:00.000,00:00.000,00:00.000,00:00.000,00:00.000,
00T6000005F6GF8EAN.txt,8,00:07.055,00:00.407,00:00.420,00:00.533,00:00.000,00:00.000,00:00.000,00:00.000,00:00.000,
00T6000005F6GF8EAN.txt,9,00:01.215,00:00.325,00:00.398,00:00.243,00:00.000,00:00.000,00:00.000,00:00.000,00:00.000,
00T6000005F6GF8EAN.txt,10,00:00.109,00:00.000,00:00.000,00:00.000,00:00.000,00:00.000,00:00.000,00:00.000,00:00.000,
00T6000005F6MigEAF.txt,1,00:01.362,00:00.427,00:01.021,00:00.510,00:00.000,00:00.000,00:00.000,00:00.000,00:00.000,
00T6000005F6MigEAF.txt,2,00:03.359,00:00.538,00:02.078,00:08.428,00:00.000,00:00.000,00:00.000,00:00.000,00:00.000,
00T6000005F6MigEAF.txt,3,00:07.622,00:00.545,00:00.018,00:06.011,00:00.000,00:00.000,00:00.000,00:00.000,00:00.000,
00T6000005F6MigEAF.txt,4,00:04.457,00:00.461,00:01.642,00:00.335,00:00.000,00:00.000,00:00.000,00:00.000,00:00.000,
00T6000005F6MigEAF.txt,5,00:00.414,00:00.000,00:00.000,00:00.000,00:00.000,00:00.000,00:00.000,00:00.000,00:00.000,
00T6000005F6QumEAF.txt,1,00:01.173,00:00.772,00:01.103,00:00.295,00:00.000,00:00.000,00:00.000,00:00.000,00:00.000,
00T6000005F6QumEAF.txt,2,00:05.408,00:00.682,00:01.125,00:00.525,00:00.000,00:00.000,00:00.000,00:00.000,00:00.000,
00T6000005F6QumEAF.txt,3,00:16.657,00:00.778,00:01.223,00:00.655,00:00.000,00:00.000,00:00.000,00:00.000,00:00.000,
00T6000005F6QumEAF.txt,4,00:01.374,00:00.772,00:02.026,00:07.629,00:00.000,00:00.000,00:00.000,00:00.000,00:00.000,
00T6000005F6QumEAF.txt,5,00:06.723,00:00.034,00:00.378,00:04.661,00:00.000,00:00.000,00:00.000,00:00.000,00:00.000,
00T6000005F6QumEAF.txt,6,00:08.090,00:00.495,00:01.047,00:02.583,00:00.000,00:00.000,00:00.000,00:00.000,00:00.000,
00T6000005F6QumEAF.txt,7,00:01.831,00:00.270,00:00.771,00:00.637,00:00.000,00:00.000,00:00.000,00:00.000,00:00.000,
00T6000005F6QumEAF.txt,8,00:00.579,00:00.000,00:00.627,00:00.419,00:00.456,00:00.000,00:00.000,00:00.000,00:00.000,
00T6000005Gxc0QEAR.txt,1,00:05.942,00:00.841,00:01.219,00:09.478,00:00.000,00:00.000,00:00.000,00:00.000,00:00.000,
00T6000005Gxc0QEAR.txt,2,00:09.770,00:00.987,00:01.662,00:04.289,00:00.000,00:00.000,00:00.000,00:00.000,00:00.000,
00T6000005Gxc0QEAR.txt,3,00:00.836,00:00.819,00:00.861,00:13.057,00:00.000,00:00.000,00:00.000,00:00.000,00:00.000,
00T6000005Gxc0QEAR.txt,4,00:00.225,00:00.931,00:05.541,00:05.885,00:00.000,00:00.000,00:00.000,00:00.000,00:00.000,
00T6000005Gxc0QEAR.txt,5,00:13.255,00:00.626,00:01.039,00:02.398,00:00.000,00:00.000,00:00.000,00:00.000,00:00.000,
00T6000005Gxc0QEAR.txt,6,00:00.293,00:01.531,00:01.169,00:07.462,00:00.000,00:00.000,00:00.000,00:00.000,00:00.000,
00T6000005Gxc0QEAR.txt,7,00:11.898,00:00.907,00:00.949,00:01.170,00:00.000,00:00.000,00:00.000,00:00.000,00:00.000,
00T6000005Gxc0QEAR.txt,8,00:10.539,00:01.493,00:00.874,00:05.881,00:00.000,00:00.000,00:00.000,00:00.000,00:00.000,
00T6000005Gxc0QEAR.txt,9,00:07.403,00:00.759,00:01.504,00:05.755,00:00.000,00:00.000,00:00.000,00:00.000,00:00.000,
00T6000005Gxc0QEAR.txt,10,00:00.354,00:02.969,00:01.159,00:18.475,00:00.000,00:00.000,00:00.000,00:00.000,00:00.000,
00T6000005Gxc0QEAR.txt,11,00:14.631,00:00.393,00:01.035,00:04.311,00:00.000,00:00.000,00:00.000,00:00.000,00:00.000,
00T6000005Gxc0QEAR.txt,12,00:05.001,00:00.264,00:01.330,00:00.601,00:00.000,00:02.043,00:00.000,00:00.000,00:00.000,
00T6000005Gxc0QEAR.txt,13,00:00.094,00:00.000,00:00.000,00:00.000,00:00.000,00:00.000,00:00.000,00:00.000,00:00.000,
00T6000005GxkbrEAB.txt,1,00:01.048,00:00.657,00:01.359,00:00.561,00:00.000,00:00.000,00:00.000,00:00.000,00:00.000,
00T6000005GxkbrEAB.txt,2,00:00.914,00:00.722,00:01.443,00:01.496,00:00.000,00:00.000,00:00.000,00:00.000,00:00.000,
00T6000005GxkbrEAB.txt,3,00:01.058,00:00.669,00:01.286,00:01.697,00:00.000,00:00.000,00:00.000,00:00.000,00:00.000,
00T6000005GxkbrEAB.txt,4,00:17.207,00:00.693,00:02.383,00:08.744,00:00.000,00:00.000,00:00.000,00:00.000,00:00.000,
00T6000005GxkbrEAB.txt,5,00:00.278,00:00.719,00:08.039,00:05.765,00:00.000,00:00.000,00:00.000,00:00.000,00:00.000,
00T6000005GxkbrEAB.txt,6,00:03.889,00:00.278,00:03.105,00:02.609,00:00.000,00:00.000,00:00.000,00:00.000,00:00.000,
00T6000005GxkbrEAB.txt,7,00:06.996,00:00.518,00:01.354,00:00.129,00:00.000,00:00.000,00:00.000,00:00.000,00:00.000,
00T6000005GxkbrEAB.txt,8,00:09.882,00:00.668,00:01.657,00:04.522,00:00.000,00:00.000,00:00.000,00:00.000,00:00.000,
00T6000005GxkbrEAB.txt,9,00:02.484,00:00.712,00:00.075,00:15.990,00:00.000,00:00.000,00:00.000,00:00.000,00:00.000,
00T6000005GxkbrEAB.txt,10,00:00.571,00:01.050,00:01.188,00:05.496,00:00.000,00:00.000,00:00.000,00:00.000,00:00.000,
00T6000005GxkbrEAB.txt,11,00:04.031,00:00.051,00:01.218,00:10.615,00:00.000,00:02.555,00:00.000,00:00.000,00:00.000,
00T6000005GxkbrEAB.txt,12,00:11.083,00:00.480,00:00.156,00:00.476,00:00.000,00:00.000,00:00.000,00:00.000,00:00.000,
00T6000005GxkbrEAB.txt,13,00:13.285,00:00.694,00:01.251,00:02.172,00:00.000,00:00.000,00:00.000,00:00.000,00:00.000,
00T6000005GxkbrEAB.txt,14,00:00.929,00:00.597,00:00.728,00:00.683,00:00.000,00:00.000,00:00.000,00:00.000,00:00.000,
00T6000005GxkbrEAB.txt,15,00:02.402,00:00.517,00:00.982,00:00.339,00:00.000,00:00.000,00:00.000,00:00.000,00:00.000,
00T6000005GxkbrEAB.txt,16,00:00.922,00:00.000,00:00.000,00:00.000,00:00.000,00:00.000,00:00.000,00:00.000,00:00.000,
00T6000005GxrimEAB.txt,1,00:01.210,00:00.387,00:01.851,00:00.000,00:00.000,00:00.000,00:00.000,00:00.000,00:00.000,
00T6000005GxrimEAB.txt,2,00:00.376,00:01.415,00:20.641,00:00.569,00:00.000,00:00.000,00:00.000,00:00.000,00:00.000,
00T6000005GxrimEAB.txt,3,00:00.158,00:00.580,00:00.653,00:00.218,00:00.000,00:00.000,00:00.000,00:00.000,00:00.000,
00T6000005GxrimEAB.txt,4,00:00.279,00:00.612,00:00.052,00:00.218,00:00.000,00:00.000,00:00.000,00:00.000,00:00.000,
00T6000005GxrimEAB.txt,5,00:05.804,00:00.295,00:00.664,00:00.400,00:00.000,00:00.000,00:00.000,00:00.000,00:00.000,
00T6000005GxrimEAB.txt,6,00:11.011,00:00.541,00:00.078,00:01.124,00:00.000,00:00.000,00:00.000,00:00.000,00:00.000,
00T6000005GxrimEAB.txt,7,00:00.334,00:00.724,00:00.183,00:00.569,00:00.000,00:00.000,00:00.000,00:00.000,00:00.000,
00T6000005GxrimEAB.txt,8,00:01.545,00:00.719,00:01.457,00:00.163,00:00.000,00:00.000,00:00.000,00:00.000,00:00.000,
00T6000005GxrimEAB.txt,9,00:03.747,00:00.814,00:01.480,00:01.101,00:00.000,00:00.000,00:00.000,00:00.000,00:00.000,
00T6000005GxrimEAB.txt,10,00:05.459,00:00.022,00:01.075,00:00.718,00:00.000,00:00.000,00:00.000,00:00.000,00:00.000,
00T6000005GxrimEAB.txt,11,00:01.314,00:00.000,00:00.839,00:00.096,00:00.000,00:00.000,00:00.000,00:00.000,00:00.000,
00T6000005GxSB7EAN.txt,1,00:01.015,00:00.592,00:01.010,00:00.000,00:00.000,00:00.000,00:00.000,00:00.000,00:00.000,
00T6000005GxSB7EAN.txt,2,00:01.014,00:00.607,00:01.441,00:00.000,00:00.000,00:00.000,00:00.000,00:00.000,00:00.000,
00T6000005GxSB7EAN.txt,3,00:00.095,00:45.171,00:01.029,00:00.000,00:00.000,00:00.000,00:00.000,00:00.000,00:00.000,
00T6000005GxSB7EAN.txt,4,00:01.709,00:01.051,00:07.400,00:00.480,00:00.000,00:00.000,00:00.000,00:00.000,00:00.000,
00T6000005GxSB7EAN.txt,5,00:01.539,00:00.688,00:01.110,00:00.379,00:00.000,00:00.000,00:00.000,00:00.000,00:00.000,
00T6000005GxSB7EAN.txt,6,00:17.484,00:01.321,00:01.349,00:12.977,00:00.000,00:00.000,00:00.000,00:00.000,00:00.000,
00T6000005GxSB7EAN.txt,7,00:04.044,00:00.562,00:00.674,00:00.505,00:00.000,00:00.000,00:00.000,00:00.000,00:00.000,
00T6000005GxSB7EAN.txt,8,00:02.847,00:00.607,00:00.400,00:00.694,00:00.000,00:00.000,00:00.000,00:00.000,00:00.000,
00T6000005GxSB7EAN.txt,9,00:00.312,00:00.000,00:00.000,00:00.000,00:00.000,00:00.000,00:00.000,00:00.000,00:00.000,
00T6000005GxufzEAB.txt,1,00:01.292,00:00.710,00:00.000,00:00.000,00:00.000,00:00.000,00:00.000,00:00.000,00:00.000,
00T6000005GxufzEAB.txt,2,00:01.242,00:00.405,00:01.045,00:00.000,00:00.000,00:00.000,00:00.000,00:00.000,00:00.000,
00T6000005GxufzEAB.txt,3,00:00.252,00:00.584,00:10.659,00:00.000,00:00.000,00:00.000,00:00.000,00:00.000,00:00.000,
00T6000005GxufzEAB.txt,4,00:03.541,00:00.523,00:01.637,00:04.746,00:00.000,00:00.000,00:00.000,00:00.000,00:00.000,
00T6000005GxufzEAB.txt,5,00:01.344,00:00.380,00:02.133,00:01.259,00:00.000,00:00.000,00:00.000,00:01.954,00:00.000,
00T6000005GxufzEAB.txt,6,00:00.310,00:00.355,00:53.992,00:00.209,00:00.000,00:00.000,00:00.000,00:02.095,00:00.000,
00T6000005GxufzEAB.txt,7,00:04.251,00:00.549,00:02.261,00:03.502,00:00.000,00:00.000,00:00.000,00:00.000,00:00.000,
00T6000005GxufzEAB.txt,8,00:21.397,00:00.506,00:01.644,01:28.154,00:00.000,00:00.000,00:00.000,00:00.000,00:00.000,
00T6000005GxufzEAB.txt,9,00:17.669,00:00.364,00:00.025,00:01.446,00:00.000,00:00.000,00:00.000,00:00.000,00:00.000,
00T6000005GxufzEAB.txt,10,00:06.409,00:00.431,00:00.201,00:17.989,00:00.000,00:00.000,00:00.000,00:00.000,00:00.000,
00T6000005GxufzEAB.txt,11,00:01.310,00:00.413,00:00.077,00:01.354,00:00.000,00:00.000,00:00.000,00:00.000,00:00.000,
00T6000005GxufzEAB.txt,12,00:15.963,00:00.399,00:00.132,00:05.050,00:00.000,00:00.000,00:00.000,00:00.000,00:00.000,
00T6000005GxufzEAB.txt,13,00:01.546,00:00.493,00:00.093,00:00.730,00:00.000,00:00.000,00:00.000,00:02.079,00:00.000,
00T6000005GxufzEAB.txt,14,00:14.391,00:00.526,00:00.269,00:00.176,00:00.000,00:00.000,00:00.000,00:00.000,00:00.000,
00T6000005GxufzEAB.txt,15,00:06.771,00:00.405,00:01.290,00:00.363,00:00.000,00:00.000,00:00.000,00:00.000,00:00.000,
00T6000005GxufzEAB.txt,16,00:01.373,00:00.000,00:00.887,00:00.453,00:00.000,00:00.000,00:00.000,00:00.000,00:00.000,
00T6000005HHsTiEAL.txt,1,00:00.854,00:00.440,00:00.807,00:00.664,00:00.000,00:00.000,00:00.000,00:00.000,00:00.000,
00T6000005HHsTiEAL.txt,2,00:02.606,00:00.876,00:01.317,00:00.838,00:00.000,00:00.000,00:00.000,00:00.000,00:00.000,
00T6000005HHsTiEAL.txt,3,00:12.675,00:01.210,00:00.781,00:01.024,00:00.000,00:00.000,00:00.000,00:00.000,00:00.000,
00T6000005HHsTiEAL.txt,4,00:04.469,00:00.106,00:00.414,00:02.660,00:00.000,00:00.000,00:00.000,00:00.000,00:00.000,
00T6000005HHsTiEAL.txt,5,00:00.631,00:00.971,00:01.062,00:03.408,00:00.000,00:00.000,00:00.000,00:00.000,00:00.000,
00T6000005HHsTiEAL.txt,6,00:03.164,00:00.042,00:00.005,00:01.173,00:00.000,00:00.000,00:00.000,00:00.000,00:00.000,
00T6000005HHsTiEAL.txt,7,00:01.566,00:00.000,00:00.595,00:00.244,00:00.000,00:00.000,00:00.000,00:00.000,00:00.000,
00T6000005Hi70uEAB.txt,1,00:00.801,00:00.795,00:01.820,00:00.000,00:00.000,00:00.000,00:00.000,00:00.000,00:00.000,
00T6000005Hi70uEAB.txt,2,00:01.172,00:01.473,00:00.833,00:00.000,00:00.000,00:00.000,00:00.000,00:00.000,00:00.000,
00T6000005Hi70uEAB.txt,3,00:05.881,00:01.300,00:11.186,00:00.878,00:00.000,00:00.000,00:00.000,00:00.000,00:00.000,
00T6000005Hi70uEAB.txt,4,00:01.615,00:01.114,00:02.037,00:01.070,00:00.000,00:00.000,00:00.000,00:00.000,00:00.000,
00T6000005Hi70uEAB.txt,5,00:08.156,00:01.621,00:01.319,00:06.330,00:00.000,00:00.000,00:00.000,00:00.000,00:00.000,
00T6000005Hi70uEAB.txt,6,00:01.319,00:00.000,00:00.020,00:01.159,00:00.000,00:00.000,00:00.000,00:00.000,00:00.000,
00T6000005Hi72gEAB.txt,1,00:01.873,00:00.359,00:00.579,00:00.000,00:00.000,00:00.000,00:00.000,00:00.000,00:00.000,
00T6000005Hi72gEAB.txt,2,00:01.550,00:00.555,00:23.454,00:00.717,00:00.000,00:00.000,00:00.000,00:00.000,00:00.000,
00T6000005Hi72gEAB.txt,3,00:03.805,00:00.243,00:00.717,00:00.220,00:00.000,00:00.000,00:00.000,00:00.000,00:00.000,
00T6000005Hi72gEAB.txt,4,00:21.951,00:00.324,00:01.550,00:02.128,00:00.000,00:00.000,00:00.000,00:00.000,00:00.000,
00T6000005Hi72gEAB.txt,5,00:00.832,00:00.266,00:00.139,00:01.538,00:00.000,00:00.000,00:00.000,00:00.000,00:00.000,
00T6000005Hi72gEAB.txt,6,00:01.122,00:00.532,00:00.046,00:05.783,00:00.000,00:00.000,00:00.000,00:00.000,00:00.000,
00T6000005Hi72gEAB.txt,7,00:01.538,00:00.323,00:00.000,00:02.094,00:00.000,00:00.000,00:00.000,00:00.000,00:00.000,
00T6000005Hi72gEAB.txt,8,00:05.563,00:02.996,00:01.007,00:06.661,00:00.000,00:00.000,00:00.000,00:00.000,00:00.000,
00T6000005Hi72gEAB.txt,9,00:06.280,00:00.162,00:00.740,00:00.763,00:00.000,00:00.000,00:00.000,00:00.000,00:00.000,
00T6000005Hi72gEAB.txt,10,00:00.856,00:00.000,00:00.578,00:00.336,00:00.000,00:00.000,00:00.000,00:00.000,00:00.000,
00T6000005HIHsuEAH.txt,1,00:00.634,00:00.594,00:00.000,00:00.000,00:00.000,00:00.000,00:00.000,00:00.000,00:00.000,
00T6000005HIHsuEAH.txt,2,00:01.519,00:00.423,00:01.664,00:00.000,00:00.000,00:00.000,00:00.000,00:00.000,00:00.000,
00T6000005HIHsuEAH.txt,3,00:00.436,00:00.555,00:11.623,00:00.673,00:00.000,00:00.000,00:00.000,00:00.000,00:00.000,
00T6000005HIHsuEAH.txt,4,00:03.434,00:00.647,00:01.083,00:00.581,00:00.000,00:00.000,00:00.000,00:00.000,00:00.000,
00T6000005HIHsuEAH.txt,5,00:21.225,00:00.799,00:01.287,00:04.782,00:00.000,00:00.000,00:00.000,00:00.000,00:00.000,
00T6000005HIHsuEAH.txt,6,00:04.655,00:00.072,00:00.905,00:22.658,00:00.000,00:00.000,00:00.000,00:00.000,00:00.000,
00T6000005HIHsuEAH.txt,7,00:10.117,00:00.317,00:00.429,00:01.546,00:00.000,00:00.000,00:00.000,00:00.000,00:00.000,
00T6000005HIHsuEAH.txt,8,00:22.505,00:00.377,00:00.766,00:02.886,00:00.000,00:00.000,00:00.000,00:00.000,00:00.000,
00T6000005HIHsuEAH.txt,9,00:00.865,00:00.000,00:00.211,00:00.647,00:00.000,00:00.000,00:00.000,00:00.548,00:00.000,
00T6000005HiHuhEAF.txt,1,00:01.997,00:00.269,00:00.960,00:00.845,00:00.000,00:00.000,00:00.000,00:00.000,00:00.000,
00T6000005HiHuhEAF.txt,2,00:02.612,00:00.999,00:01.152,00:00.576,00:00.000,00:00.000,00:00.000,00:00.000,00:00.000,
00T6000005HiHuhEAF.txt,3,00:18.629,00:01.267,00:00.768,00:02.228,00:00.000,00:00.000,00:00.000,00:00.000,00:00.000,
00T6000005HiHuhEAF.txt,4,00:00.423,00:01.075,00:00.346,00:03.188,00:00.000,00:00.000,00:00.000,00:00.000,00:00.000,
00T6000005HiHuhEAF.txt,5,00:08.758,00:00.461,00:00.230,00:00.499,00:00.000,00:00.000,00:00.000,00:00.000,00:00.000,
00T6000005HiHuhEAF.txt,6,00:04.225,00:00.500,00:00.539,00:02.765,00:00.000,00:00.000,00:03.725,00:00.000,00:00.000,
00T6000005HiHuhEAF.txt,7,00:01.651,00:00.269,00:00.001,00:00.000,00:00.000,00:00.000,00:00.000,00:02.342,00:00.000,
00T6000005HiHuhEAF.txt,8,00:05.378,00:00.346,00:00.537,00:14.711,00:00.000,00:00.000,00:00.000,00:00.000,00:00.000,
00T6000005HiHuhEAF.txt,9,00:16.363,00:00.192,00:00.307,00:00.000,00:00.000,00:00.000,00:00.000,00:01.037,00:00.000,
00T6000005HiHuhEAF.txt,10,00:00.845,00:00.115,00:00.115,00:02.497,00:00.000,00:00.000,00:00.000,00:00.000,00:00.000,
00T6000005HiHuhEAF.txt,11,00:04.763,00:00.316,00:00.759,00:01.210,00:00.000,00:00.000,00:00.000,00:00.000,00:00.000,
00T6000005HiHuhEAF.txt,12,00:00.336,00:00.000,00:00.000,00:00.000,00:00.000,00:00.000,00:00.000,00:00.000,00:00.000,
00T6000005HiNMUEA3.txt,1,00:00.570,00:01.669,00:00.000,00:00.000,00:00.000,00:00.000,00:00.000,00:00.000,00:00.000,
00T6000005HiNMUEA3.txt,2,00:02.143,00:01.217,00:02.088,00:02.369,00:00.000,00:00.000,00:00.000,00:00.000,00:00.000,
00T6000005HiNMUEA3.txt,3,00:20.208,00:01.044,00:01.583,00:01.131,00:00.000,00:00.000,00:00.000,00:00.000,00:00.000,
00T6000005HiNMUEA3.txt,4,00:02.196,00:00.000,00:00.000,00:00.000,00:00.000,00:00.000,00:00.000,00:00.000,00:00.000,
00T6000005HiNWTEA3.txt,1,00:01.244,00:00.387,00:00.918,00:00.797,00:00.000,00:00.000,00:00.000,00:00.000,00:00.000,
00T6000005HiNWTEA3.txt,2,00:02.404,00:00.653,00:00.821,00:00.773,00:00.000,00:00.000,00:00.000,00:00.000,00:00.000,
00T6000005HiNWTEA3.txt,3,00:10.654,00:00.942,00:00.024,00:04.361,00:00.000,00:00.000,00:00.000,00:00.000,00:00.000,
00T6000005HiNWTEA3.txt,4,00:02.162,00:00.423,00:00.471,00:02.573,00:00.000,00:00.000,00:00.000,00:00.000,00:00.000,
00T6000005HiNWTEA3.txt,5,00:01.184,00:00.326,00:00.930,00:00.423,00:00.000,00:00.000,00:03.249,00:00.000,00:00.000,
00T6000005HiNWTEA3.txt,6,00:03.431,00:00.375,00:01.920,00:00.761,00:00.000,00:00.000,00:00.000,00:00.000,00:00.000,
00T6000005HiNWTEA3.txt,7,00:03.261,00:01.026,00:00.435,00:01.124,00:00.000,00:00.000,00:00.000,00:00.000,00:00.000,
00T6000005HiNWTEA3.txt,8,00:01.221,00:00.097,00:00.531,00:00.978,00:00.000,00:00.000,00:00.000,00:00.000,00:00.000,
00T6000005HiNWTEA3.txt,9,00:01.534,00:00.060,00:00.870,00:00.773,00:00.000,00:00.000,00:00.000,00:00.000,00:00.000,
00T6000005HiNWTEA3.txt,10,00:05.702,00:00.096,00:00.882,00:01.051,00:00.000,00:01.510,00:00.000,00:00.000,00:00.000,
00T6000005HiNWTEA3.txt,11,00:00.206,00:00.000,00:00.000,00:00.000,00:00.000,00:00.000,00:00.000,00:00.000,00:00.000,
00T6000005HiOFLEA3.txt,1,00:00.956,00:00.427,00:01.434,00:00.000,00:00.000,00:00.000,00:00.000,00:00.000,00:00.000,
00T6000005HiOFLEA3.txt,2,00:01.132,00:00.554,00:00.679,00:00.000,00:00.000,00:00.000,00:00.000,00:00.000,00:00.000,
00T6000005HiOFLEA3.txt,3,00:00.427,00:00.780,00:21.835,00:00.478,00:00.000,00:00.000,00:00.000,00:00.000,00:00.000,
00T6000005HiOFLEA3.txt,4,00:00.453,00:00.452,00:00.679,00:00.277,00:00.000,00:00.000,00:00.000,00:00.000,00:00.000,
00T6000005HiOFLEA3.txt,5,00:02.013,00:00.365,00:01.207,00:01.157,00:00.000,00:00.000,00:00.000,00:00.000,00:00.000,
00T6000005HiOFLEA3.txt,6,00:19.634,00:00.415,00:00.012,00:13.836,00:00.000,00:00.000,00:00.000,00:00.000,00:00.000,
00T6000005HiOFLEA3.txt,7,00:02.339,00:00.000,00:00.063,00:08.301,00:00.000,00:00.000,00:00.516,00:00.000,00:00.000,
00T6000005HiOFLEA3.txt,8,00:04.465,00:00.780,00:00.239,00:04.415,00:00.000,00:00.000,00:00.000,00:00.000,00:00.000,
00T6000005HiOFLEA3.txt,9,00:01.874,00:00.529,00:00.591,00:01.496,00:00.000,00:00.000,00:00.000,00:00.000,00:00.000,
00T6000005HiOFLEA3.txt,10,00:00.943,00:00.289,00:00.050,00:02.390,00:00.000,00:00.000,00:00.000,00:00.000,00:00.000,
00T6000005HiOFLEA3.txt,11,00:07.270,00:01.496,00:00.944,00:01.006,00:00.000,00:00.000,00:00.000,00:00.000,00:00.000,
00T6000005HiOFLEA3.txt,12,00:02.239,00:00.101,00:00.189,00:03.295,00:00.000,00:00.000,00:00.541,00:00.000,00:00.000,
00T6000005HiOFLEA3.txt,13,00:01.962,00:00.604,00:00.126,00:03.999,00:00.000,00:00.000,00:00.000,00:00.000,00:00.000,
00T6000005HiOFLEA3.txt,14,00:08.553,00:00.654,00:00.025,00:02.490,00:00.000,00:00.000,00:00.000,00:00.000,00:00.000,
00T6000005HiOFLEA3.txt,15,00:02.918,00:00.378,00:00.403,00:00.905,00:00.000,00:00.000,00:00.000,00:00.000,00:00.000,
00T6000005HiOFLEA3.txt,16,00:01.132,00:00.000,00:00.000,00:00.000,00:00.000,00:00.000,00:00.000,00:00.000,00:00.000,
00T6000005HiQG4EAN.txt,1,00:00.774,00:00.253,00:00.838,00:01.501,00:00.000,00:00.000,00:00.000,00:00.000,00:00.000,
00T6000005HiQG4EAN.txt,2,00:00.221,00:00.901,00:13.386,00:00.711,00:00.000,00:00.000,00:00.000,00:00.000,00:00.000,
00T6000005HiQG4EAN.txt,3,00:02.417,00:00.529,00:00.806,00:00.214,00:00.000,00:00.000,00:00.000,00:00.000,00:00.000,
00T6000005HiQG4EAN.txt,4,00:16.396,00:00.932,00:00.845,00:02.450,00:00.000,00:00.000,00:00.000,00:00.000,00:00.000,
00T6000005HiQG4EAN.txt,5,00:02.458,00:00.561,00:00.663,00:00.261,00:00.000,00:00.000,00:00.000,00:00.000,00:00.000,
00T6000005HiQG4EAN.txt,6,00:02.766,00:00.735,00:00.450,00:00.672,00:00.000,00:00.000,00:00.000,00:00.000,00:00.000,
00T6000005HiQG4EAN.txt,7,00:01.501,00:00.450,00:00.632,00:00.269,00:00.000,00:00.000,00:00.000,00:00.000,00:00.000,
00T6000005HiQG4EAN.txt,8,00:15.448,00:03.793,00:00.442,00:00.071,00:00.000,00:00.000,00:00.000,00:00.000,00:00.000,
00T6000005HiQG4EAN.txt,9,00:00.561,00:00.775,00:00.766,00:00.972,00:00.000,00:00.000,00:00.000,00:00.000,00:00.000,
00T6000005HiQG4EAN.txt,10,00:03.650,00:00.379,00:00.854,00:03.405,00:00.000,00:00.000,00:00.000,00:00.000,00:00.000,
00T6000005HiQG4EAN.txt,11,00:01.217,00:00.561,00:00.040,00:06.866,00:00.000,00:00.000,00:01.920,00:00.000,00:00.000,
00T6000005HiQG4EAN.txt,12,00:15.835,00:00.292,00:00.545,00:02.466,00:00.000,00:00.000,00:00.000,00:00.000,00:00.000,
00T6000005HiQG4EAN.txt,13,00:02.414,00:00.055,00:01.181,00:00.166,00:00.000,00:01.454,00:00.000,00:00.000,00:00.000,
00T6000005HiQG4EAN.txt,14,00:05.460,00:00.696,00:00.585,00:01.185,00:00.000,00:00.000,00:00.000,00:00.000,00:00.000,
00T6000005HiQG4EAN.txt,15,00:03.571,00:00.561,00:00.585,00:00.292,00:00.000,00:00.000,00:00.000,00:00.000,00:00.000,
00T6000005HiQG4EAN.txt,16,00:00.585,00:00.221,00:00.774,00:00.727,00:00.000,00:00.000,00:00.000,00:00.000,00:00.000,
00T6000005HiQG4EAN.txt,17,00:00.143,00:00.000,00:00.000,00:00.000,00:00.000,00:00.000,00:00.000,00:00.000,00:00.000,
00T6000005HiT1fEAF.txt,1,00:02.287,00:00.426,00:01.279,00:00.487,00:00.000,00:00.000,00:00.000,00:00.000,00:00.000,
00T6000005HiT1fEAF.txt,2,00:17.133,00:00.384,00:01.988,00:06.408,00:00.000,00:00.000,00:00.000,00:00.000,00:00.000,
00T6000005HiT1fEAF.txt,3,00:12.355,00:00.614,00:01.757,00:02.850,00:00.000,00:00.000,00:00.000,00:00.000,00:00.000,
00T6000005HiT1fEAF.txt,4,00:03.499,00:00.460,00:00.723,00:01.683,00:00.000,00:00.000,00:00.000,00:00.000,00:00.000,
00T6000005HiT1fEAF.txt,5,00:05.299,00:00.410,00:00.597,00:00.461,00:00.000,00:00.000,00:00.000,00:00.000,00:00.000,
00T6000005HiT1fEAF.txt,6,00:00.426,00:00.000,00:01.101,00:00.205,00:00.000,00:00.000,00:00.000,00:00.000,00:00.000,
00T6000005Hj89eEAB.txt,1,00:01.202,00:00.758,00:11.563,00:01.137,00:00.000,00:00.000,00:00.000,00:00.000,00:00.000,
00T6000005Hj89eEAB.txt,2,00:02.504,00:00.494,00:00.922,00:00.758,00:00.000,00:00.000,00:00.000,00:00.000,00:00.000,
00T6000005Hj89eEAB.txt,3,00:18.597,00:00.338,00:00.642,00:22.015,00:00.000,00:00.000,00:00.000,00:00.000,00:00.000,
00T6000005Hj89eEAB.txt,4,00:00.214,00:00.403,00:00.231,00:00.000,00:00.000,00:00.000,00:00.000,00:00.865,00:00.000,
00T6000005Hj89eEAB.txt,5,00:03.599,00:00.214,00:02.018,00:01.606,00:00.000,00:00.000,00:01.293,00:00.000,00:00.000,
00T6000005Hj89eEAB.txt,6,00:01.541,00:00.445,00:00.000,00:11.171,00:00.000,00:00.000,00:00.112,00:00.000,00:00.000,
00T6000005Hj89eEAB.txt,7,00:01.342,00:00.000,00:00.766,00:01.170,00:00.000,00:00.000,00:00.000,00:00.000,00:00.000,
00T6000005HJbC4EAL.txt,1,00:01.206,00:00.436,00:00.937,00:00.000,00:00.000,00:00.000,00:00.000,00:00.000,00:00.000,
00T6000005HJbC4EAL.txt,2,00:01.580,00:00.377,00:01.294,00:00.000,00:00.000,00:00.000,00:00.000,00:00.000,00:00.000,
00T6000005HJbC4EAL.txt,3,00:00.230,00:00.298,00:22.264,00:00.714,00:00.000,00:00.000,00:00.000,00:00.000,00:00.000,
00T6000005HJbC4EAL.txt,4,00:03.579,00:00.317,00:01.298,00:00.496,00:00.000,00:00.000,00:00.000,00:00.000,00:00.000,
00T6000005HJbC4EAL.txt,5,00:00.850,00:00.441,00:00.944,00:00.357,00:00.000,00:00.000,00:00.000,00:00.000,00:00.000,
00T6000005HJbC4EAL.txt,6,00:14.667,00:00.289,00:00.052,00:07.977,00:00.000,00:00.000,00:00.516,00:00.000,00:00.000,
00T6000005HJbC4EAL.txt,7,00:01.508,00:00.000,00:00.869,00:00.945,00:00.000,00:00.000,00:00.000,00:00.000,00:00.000,
00T6000005HjbJsEAJ.txt,1,00:02.682,00:00.580,00:01.430,00:00.900,00:00.000,00:00.000,00:00.000,00:00.000,00:00.000,
00T6000005HjbJsEAJ.txt,2,00:18.032,00:01.215,00:01.301,00:01.187,00:00.000,00:00.000,00:00.000,00:00.000,00:00.000,
00T6000005HjbJsEAJ.txt,3,00:01.831,00:00.486,00:00.886,00:06.936,00:00.000,00:00.000,00:00.000,00:00.000,00:00.000,
00T6000005HjbJsEAJ.txt,4,00:03.217,00:00.386,00:01.173,00:01.315,00:00.000,00:00.000,00:00.000,00:00.000,00:00.000,
00T6000005HjbJsEAJ.txt,5,00:03.561,00:00.443,00:00.930,00:00.300,00:00.000,00:00.000,00:00.000,00:00.000,00:00.000,
00T6000005HjbJsEAJ.txt,6,00:00.930,00:00.000,00:00.457,00:00.115,00:00.000,00:00.000,00:00.000,00:00.000,00:00.000,
00T6000005HJbTIEA1.txt,1,00:01.347,00:00.718,00:01.259,00:00.000,00:00.000,00:00.000,00:00.000,00:00.000,00:00.000,
00T6000005HJbTIEA1.txt,2,00:07.214,00:01.232,00:09.806,00:00.589,00:00.000,00:00.000,00:00.000,00:00.000,00:00.000,
00T6000005HJbTIEA1.txt,3,00:04.351,00:00.718,00:00.650,00:00.602,00:00.000,00:00.000,00:00.000,00:00.000,00:00.000,
00T6000005HJbTIEA1.txt,4,00:25.805,00:05.272,00:00.616,00:01.469,00:00.000,00:00.000,00:00.000,00:00.000,00:00.000,
00T6000005HJbTIEA1.txt,5,00:02.456,00:00.230,00:00.718,00:01.441,00:00.000,00:00.000,00:00.000,00:00.000,00:00.000,
00T6000005HJbTIEA1.txt,6,00:02.870,00:04.209,00:00.440,00:03.763,00:00.000,00:00.000,00:00.000,00:00.000,00:00.000,
00T6000005HJbTIEA1.txt,7,00:07.681,00:00.637,00:01.672,00:04.392,00:00.000,00:00.000,00:00.000,00:00.000,00:00.000,
00T6000005HJbTIEA1.txt,8,00:10.408,00:01.489,00:00.806,00:01.434,00:00.000,00:00.000,00:00.000,00:00.000,00:00.000,
00T6000005HJbTIEA1.txt,9,00:14.449,00:00.074,00:00.731,00:00.623,00:00.000,00:00.000,00:00.000,00:00.000,00:00.000,
00T6000005HJbTIEA1.txt,10,00:01.022,00:00.000,00:00.000,00:00.000,00:00.000,00:00.000,00:00.000,00:00.000,00:00.000,
00T6000005HJDZKEA5.txt,1,00:03.378,00:00.288,00:01.418,00:01.985,00:00.000,00:00.000,00:00.000,00:00.000,00:00.000,
00T6000005HJDZKEA5.txt,2,00:26.796,00:00.389,00:00.828,00:02.075,00:00.000,00:00.000,00:00.000,00:00.000,00:00.000,
00T6000005HJDZKEA5.txt,3,00:01.348,00:00.313,00:00.227,00:08.508,00:00.000,00:00.000,00:00.000,00:00.000,00:00.000,
00T6000005HJDZKEA5.txt,4,00:00.323,00:00.722,00:00.167,00:00.879,00:00.000,00:00.000,00:00.000,00:00.000,00:00.000,
00T6000005HJDZKEA5.txt,5,00:06.427,00:00.651,00:00.707,00:03.964,00:00.000,00:00.000,00:00.000,00:00.000,00:00.000,
00T6000005HJDZKEA5.txt,6,00:08.760,00:02.621,00:00.546,00:00.596,00:00.000,00:00.000,00:00.000,00:00.000,00:00.000,
00T6000005HJDZKEA5.txt,7,00:00.009,00:00.157,00:00.611,00:01.560,00:00.000,00:00.000,00:00.000,00:00.000,00:00.000,
00T6000005HJDZKEA5.txt,8,00:00.878,00:00.000,00:00.006,00:00.631,00:00.000,00:00.000,00:00.000,00:00.000,00:00.000,
00T6000005HJepKEAT.txt,1,00:00.234,00:00.518,00:02.047,00:00.588,00:00.000,00:00.000,00:00.000,00:00.000,00:00.000,
00T6000005HJepKEAT.txt,2,00:14.639,00:00.560,00:00.519,00:00.140,00:00.000,00:00.796,00:00.000,00:00.000,00:00.000,
00T6000005HJepKEAT.txt,3,00:02.855,00:01.875,00:01.106,00:00.322,00:00.000,00:00.000,00:00.000,00:00.000,00:00.000,
00T6000005HJepKEAT.txt,4,00:00.280,00:00.182,00:00.937,00:00.336,00:00.000,00:00.000,00:00.490,00:00.000,00:00.000,
00T6000005HJepKEAT.txt,5,00:09.251,00:02.268,00:02.183,00:01.903,00:00.000,00:00.000,00:00.000,00:00.000,00:00.000,
00T6000005HJepKEAT.txt,6,00:00.923,00:01.497,00:01.358,00:00.126,00:00.000,00:00.000,00:00.000,00:00.000,00:00.000,
00T6000005HJepKEAT.txt,7,00:03.443,00:00.000,00:00.000,00:00.000,00:00.000,00:00.000,00:00.000,00:00.000,00:00.000,
00T6000005HjEwEEAV.txt,1,00:01.770,00:00.902,00:00.000,00:00.000,00:00.000,00:00.000,00:00.000,00:00.000,00:00.000,
00T6000005HjEwEEAV.txt,2,00:02.813,00:00.422,00:01.566,00:01.214,00:00.000,00:00.000,00:00.000,00:00.000,00:00.000,
00T6000005HjEwEEAV.txt,3,00:17.255,00:00.466,00:00.005,00:04.292,00:00.000,00:00.000,00:00.000,00:00.623,00:00.000,
00T6000005HjEwEEAV.txt,4,00:01.160,00:00.937,00:01.203,00:00.190,00:00.000,00:00.000,00:00.000,00:00.000,00:00.000,
00T6000005HjEwEEAV.txt,5,00:03.848,00:00.964,00:00.395,00:00.201,00:00.000,00:00.000,00:00.000,00:00.000,00:00.000,
00T6000005HjEwEEAV.txt,6,00:02.883,00:00.596,00:01.860,00:06.919,00:00.000,00:00.000,00:00.000,00:00.000,00:00.000,
00T6000005HjEwEEAV.txt,7,00:00.288,00:01.918,00:00.054,00:03.425,00:00.000,00:00.000,00:00.000,00:00.000,00:00.000,
00T6000005HjEwEEAV.txt,8,00:05.452,00:00.525,00:01.268,00:02.081,00:00.000,00:00.000,00:00.000,00:00.000,00:00.000,
00T6000005HjEwEEAV.txt,9,00:00.304,00:00.044,00:00.162,00:01.745,00:00.000,00:00.000,00:00.000,00:00.000,00:00.000,
00T6000005HjEwEEAV.txt,10,00:01.197,00:00.515,00:00.130,00:11.462,00:00.000,00:00.000,00:00.000,00:00.000,00:00.000,
00T6000005HjEwEEAV.txt,11,00:00.634,-1:59.001,00:01.001,00:00.000,00:00.000,00:00.000,00:00.000,00:00.332,00:00.000,
00T6000005HjEwEEAV.txt,12,00:02.429,00:00.509,00:00.147,00:01.279,00:00.000,00:00.000,00:00.000,00:00.000,00:00.000,
00T6000005HjEwEEAV.txt,13,00:00.314,00:00.563,00:00.001,00:01.322,00:00.000,00:00.000,00:00.000,00:00.000,00:00.000,
00T6000005HjEwEEAV.txt,14,00:00.266,00:00.043,00:00.072,00:02.596,00:00.000,00:00.000,00:00.000,00:01.082,00:00.000,
00T6000005HjEwEEAV.txt,15,00:01.436,00:00.179,00:00.309,00:01.024,00:00.000,00:00.000,00:00.000,00:00.000,00:00.000,
00T6000005HjEwEEAV.txt,16,00:00.130,00:00.282,00:00.840,00:00.493,00:00.000,00:00.000,00:00.000,00:00.000,00:00.000,
00T6000005HjEwEEAV.txt,17,00:04.216,00:00.325,00:00.699,00:00.504,00:00.000,00:00.000,00:00.000,00:00.000,00:00.000,
00T6000005HjEwEEAV.txt,18,00:01.686,00:00.000,00:00.000,00:00.000,00:00.000,00:00.000,00:00.000,00:00.000,00:00.000,
00T6000005HJFamEAH.txt,1,00:01.561,00:00.633,00:00.883,00:00.559,00:00.000,00:00.000,00:00.000,00:00.000,00:00.000,
00T6000005HJFamEAH.txt,2,00:02.664,00:00.401,00:00.560,00:01.339,00:00.000,00:00.000,00:00.000,00:00.000,00:00.000,
00T6000005HJFamEAH.txt,3,00:23.562,00:00.647,00:01.048,00:00.964,00:00.000,00:00.000,00:00.000,00:00.000,00:00.000,
00T6000005HJFamEAH.txt,4,00:00.894,00:00.385,00:01.750,00:01.734,00:00.000,00:00.000,00:00.000,00:00.000,00:00.000,
00T6000005HJFamEAH.txt,5,00:00.216,00:00.325,00:01.041,00:12.843,00:00.000,00:00.000,00:00.000,00:00.000,00:00.000,
00T6000005HJFamEAH.txt,6,00:04.400,00:-1.965,00:00.302,00:00.790,00:00.000,00:00.000,00:00.000,00:00.000,00:00.000,
00T6000005HJFamEAH.txt,7,00:00.917,00:00.000,00:00.000,00:00.000,00:00.000,00:00.000,00:00.000,00:00.000,00:00.000,
00T6000005HJFHWEA5.txt,1,00:01.235,00:01.054,00:00.000,00:00.000,00:00.000,00:00.000,00:00.000,00:00.000,00:00.000,
00T6000005HJFHWEA5.txt,2,00:01.482,00:00.924,00:11.273,00:00.834,00:00.000,00:00.000,00:00.000,00:00.000,00:00.000,
00T6000005HJFHWEA5.txt,3,00:09.312,00:00.439,00:00.955,00:00.330,00:00.000,00:00.000,00:00.000,00:00.000,00:00.000,
00T6000005HJFHWEA5.txt,4,00:15.033,00:01.449,00:00.862,00:11.773,00:00.000,00:00.000,00:00.000,00:00.000,00:00.000,
00T6000005HJFHWEA5.txt,5,00:02.354,00:00.445,00:01.043,00:00.181,00:00.000,00:00.000,00:00.000,00:00.000,00:00.000,
00T6000005HJFHWEA5.txt,6,00:04.671,00:00.118,00:01.427,00:11.479,00:00.000,00:00.000,00:00.000,00:00.000,00:00.000,
00T6000005HJFHWEA5.txt,7,00:05.055,00:00.653,00:00.590,00:00.349,00:00.000,00:00.000,00:00.000,00:00.000,00:00.000,
00T6000005HJFHWEA5.txt,8,00:08.606,00:00.324,00:00.351,00:00.538,00:00.000,00:00.000,00:00.000,00:00.000,00:00.000,
00T6000005HJFHWEA5.txt,9,00:02.450,00:00.164,00:00.829,00:00.585,00:00.000,00:00.000,00:00.000,00:00.000,00:00.000,
00T6000005HJFHWEA5.txt,10,00:00.637,00:00.000,00:00.000,00:00.000,00:00.000,00:00.000,00:00.000,00:00.000,00:00.000,
00T6000005HJG9SEAX.txt,1,00:01.157,00:00.659,00:29.632,00:00.743,00:00.000,00:00.000,00:00.000,00:00.000,00:00.000,
00T6000005HJG9SEAX.txt,2,00:02.576,00:00.509,00:00.794,00:00.938,00:00.000,00:00.000,00:00.000,00:00.000,00:00.000,
00T6000005HJG9SEAX.txt,3,00:25.455,00:00.593,00:00.757,00:10.326,00:00.000,00:00.000,00:00.000,00:00.000,00:00.000,
00T6000005HJG9SEAX.txt,4,00:02.173,00:00.520,00:01.135,00:06.783,00:00.000,00:00.000,00:00.000,00:00.000,00:00.000,
00T6000005HJG9SEAX.txt,5,00:05.817,00:00.525,00:00.782,00:00.447,00:00.000,00:00.000,00:00.000,00:00.000,00:00.000,
00T6000005HJG9SEAX.txt,6,00:01.816,00:00.279,00:00.079,00:00.391,00:00.000,00:00.000,00:00.000,00:00.000,00:00.000,
00T6000005HJG9SEAX.txt,7,00:00.760,00:00.000,00:00.000,00:00.000,00:00.000,00:00.000,00:00.000,00:00.000,00:00.000,
00T6000005HJkQLEA1.txt,1,00:00.707,00:00.307,00:00.992,00:00.593,00:00.000,00:00.000,00:00.000,00:00.000,00:00.000,
00T6000005HJkQLEA1.txt,2,00:03.899,00:00.484,00:01.039,00:00.869,00:00.000,00:00.000,00:00.000,00:00.000,00:00.000,
00T6000005HJkQLEA1.txt,3,00:15.697,00:02.192,00:01.607,00:00.369,00:00.000,00:00.000,00:00.000,00:00.000,00:00.000,
00T6000005HJkQLEA1.txt,4,00:00.485,00:00.700,00:01.530,00:03.084,00:00.000,00:00.000,00:00.000,00:00.000,00:00.000,
00T6000005HJkQLEA1.txt,5,00:03.122,00:00.362,00:02.346,00:05.214,00:00.000,00:00.000,00:00.000,00:00.000,00:00.000,
00T6000005HJkQLEA1.txt,6,00:06.006,00:00.284,00:00.992,00:00.631,00:00.000,00:00.000,00:00.000,00:00.000,00:00.000,
00T6000005HJkQLEA1.txt,7,00:03.215,00:00.054,00:01.254,00:00.630,00:00.000,00:00.000,00:00.000,00:00.000,00:00.000,
00T6000005HJkQLEA1.txt,8,00:00.561,00:00.000,00:00.000,00:00.000,00:00.000,00:00.000,00:00.000,00:00.000,00:00.000,
00T6000005Hjp5XEAR.txt,1,00:01.042,00:00.621,00:00.992,00:00.223,00:00.000,00:00.000,00:00.000,00:00.000,00:00.000,
00T6000005Hjp5XEAR.txt,2,00:02.753,00:00.372,00:00.843,00:01.017,00:00.000,00:00.000,00:00.000,00:00.000,00:00.000,
00T6000005Hjp5XEAR.txt,3,00:19.544,00:00.426,00:02.007,00:02.259,00:00.000,00:00.000,00:00.000,00:00.000,00:00.000,
00T6000005Hjp5XEAR.txt,4,00:08.970,00:00.527,00:01.531,00:01.844,00:00.000,00:00.000,00:00.000,00:00.000,00:00.000,
00T6000005Hjp5XEAR.txt,5,00:03.262,00:01.104,00:01.317,00:11.905,00:00.000,00:00.000,00:00.000,00:00.000,00:00.000,
00T6000005Hjp5XEAR.txt,6,00:06.700,00:00.652,00:01.192,00:01.204,00:00.000,00:00.000,00:00.000,00:00.000,00:00.000,
00T6000005Hjp5XEAR.txt,7,00:10.814,00:00.552,00:00.766,00:05.294,00:00.000,00:00.000,00:00.000,00:00.000,00:00.000,
00T6000005Hjp5XEAR.txt,8,00:07.979,00:00.414,00:00.903,00:00.389,00:00.000,00:00.000,00:00.000,00:00.000,00:00.000,
00T6000005Hjp5XEAR.txt,9,00:03.049,00:00.000,00:00.514,00:00.728,00:00.000,00:00.000,00:00.000,00:00.000,00:00.000,
00T6000005Hjp5XEAR.txt,10,00:00.790,00:00.000,00:00.000,00:00.000,00:00.000,00:00.000,00:00.000,00:00.000,00:00.000,
00T6000005HJpVYEA1.txt,1,00:02.717,00:00.998,00:00.987,00:01.080,00:00.000,00:00.000,00:00.000,00:00.000,00:00.000,
00T6000005HJpVYEA1.txt,2,00:01.625,00:-1.993,00:01.196,00:01.243,00:00.000,00:00.000,00:00.000,00:00.000,00:00.000,
00T6000005HJpVYEA1.txt,3,00:00.607,00:00.000,00:02.006,00:04.861,00:00.000,00:01.187,00:00.000,00:00.000,00:00.000,
00T6000005HJpVYEA1.txt,4,00:07.192,00:00.692,00:00.848,00:01.978,00:00.000,00:00.000,00:00.000,00:00.000,00:00.000,
00T6000005HJpVYEA1.txt,5,00:00.269,00:00.367,00:01.130,00:10.922,00:00.000,00:00.000,00:00.000,00:00.000,00:00.000,
00T6000005HJpVYEA1.txt,6,00:04.818,00:00.622,00:00.212,00:05.073,00:00.000,00:00.000,00:00.000,00:00.000,00:00.000,
00T6000005HJpVYEA1.txt,7,00:00.395,00:01.201,00:00.904,00:01.314,00:00.000,00:00.000,00:00.000,00:00.000,00:00.000,
00T6000005HJpVYEA1.txt,8,00:00.114,00:00.000,00:00.000,00:00.000,00:00.000,00:00.000,00:00.000,00:00.000,00:00.000,
00T6000005HJSY2EAP.txt,1,00:03.395,00:00.628,00:01.678,00:01.747,00:00.000,00:00.000,00:00.000,00:00.000,00:00.000,
00T6000005HJSY2EAP.txt,2,00:21.757,00:00.363,00:01.128,00:07.410,00:00.000,00:00.000,00:00.000,00:00.000,00:00.000,
00T6000005HJSY2EAP.txt,3,00:01.756,00:00.545,00:01.757,00:08.725,00:00.824,00:00.000,00:00.000,00:00.000,00:00.000,
00T6000005HJSY2EAP.txt,4,00:07.286,00:00.373,00:01.070,00:10.755,00:00.000,00:00.000,00:00.000,00:00.000,00:00.000,
00T6000005HJSY2EAP.txt,5,00:04.024,00:00.344,00:01.128,00:00.383,00:00.000,00:00.000,00:00.000,00:00.000,00:00.000,
00T6000005HJSY2EAP.txt,6,00:00.166,00:00.000,00:00.000,00:00.000,00:00.000,00:00.000,00:00.000,00:00.000,00:00.000,
00T6000005HJXNiEAP.txt,1,00:01.531,00:00.388,00:00.669,00:00.000,00:00.000,00:00.000,00:00.000,00:00.000,00:00.000,
00T6000005HJXNiEAP.txt,2,00:01.682,00:00.431,00:01.121,00:00.000,00:00.000,00:00.000,00:00.000,00:00.000,00:00.000,
00T6000005HJXNiEAP.txt,3,00:00.280,00:00.415,00:14.306,00:00.631,00:00.000,00:00.000,00:00.000,00:00.000,00:00.000,
00T6000005HJXNiEAP.txt,4,00:03.587,00:00.448,00:01.063,00:00.896,00:00.000,00:00.000,00:00.000,00:00.000,00:00.000,
00T6000005HJXNiEAP.txt,5,00:20.589,00:00.996,00:00.997,00:07.405,00:00.000,00:00.000,00:00.000,00:00.000,00:00.000,
00T6000005HJXNiEAP.txt,6,00:00.200,00:00.000,00:00.001,00:00.000,00:00.000,00:00.000,00:00.000,00:00.000,00:04.548,
00T6000005HJZLUEA5.txt,1,00:01.254,00:00.709,00:00.000,00:00.000,00:00.000,00:00.000,00:00.000,00:00.000,00:00.000,
00T6000005HJZLUEA5.txt,2,00:01.710,00:00.734,00:10.917,00:00.444,00:00.000,00:00.000,00:00.000,00:00.000,00:00.000,
00T6000005HJZLUEA5.txt,3,00:21.848,00:00.658,00:01.292,00:09.246,00:00.000,00:00.000,00:00.000,00:00.000,00:00.000,
00T6000005HJZLUEA5.txt,4,00:03.027,00:00.330,00:01.090,00:05.686,00:00.000,00:00.000,00:00.000,00:00.000,00:00.000,
00T6000005HJZLUEA5.txt,5,00:06.459,00:00.000,00:03.876,00:00.354,00:00.000,00:00.000,00:00.000,00:00.418,00:00.000,
00T6000005HKMx8EAH.txt,1,00:01.808,00:01.174,00:23.405,00:01.174,00:00.000,00:00.000,00:00.000,00:00.000,00:00.000,
00T6000005HKMx8EAH.txt,2,00:18.767,00:00.884,00:00.745,00:02.919,00:00.000,00:00.000,00:00.000,00:00.000,00:00.000,
00T6000005HKMx8EAH.txt,3,00:02.760,00:00.021,00:00.001,00:04.277,00:00.000,00:00.000,00:00.000,00:00.000,00:00.000,
00T6000005HKMx8EAH.txt,4,00:02.015,00:00.037,00:00.592,00:01.465,00:00.000,00:00.000,00:00.000,00:00.000,00:00.000,
00T6000005HKMx8EAH.txt,5,00:04.828,00:03.283,00:00.676,00:13.173,00:00.000,00:00.000,00:00.000,00:00.000,00:00.000,
00T6000005HKMx8EAH.txt,6,00:03.670,00:00.491,00:00.001,00:01.216,00:00.000,00:00.000,00:00.000,00:00.000,00:00.000,
00T6000005HKMx8EAH.txt,7,00:02.343,00:00.001,00:00.001,00:00.000,00:00.000,00:00.000,00:00.000,00:00.797,00:00.000,
00T6000005HKMx8EAH.txt,8,00:01.988,00:00.249,00:00.031,00:01.819,00:00.000,00:00.000,00:00.000,00:00.000,00:00.000,
00T6000005HKMx8EAH.txt,9,00:00.587,00:00.000,00:00.000,00:00.000,00:00.000,00:00.000,00:00.000,00:00.000,00:00.000,
00T6000005HKyMiEAL.txt,1,00:00.877,00:00.234,00:00.818,00:00.819,00:00.000,00:00.000,00:00.000,00:00.000,00:00.000,
00T6000005HKyMiEAL.txt,2,00:02.865,00:00.585,00:00.701,00:00.468,00:00.000,00:00.000,00:00.000,00:00.000,00:00.000,
00T6000005HKyMiEAL.txt,3,00:08.302,00:01.462,00:00.409,00:01.754,00:00.000,00:00.000,00:00.000,00:00.000,00:00.000,
00T6000005HKyMiEAL.txt,4,00:02.982,00:00.994,00:00.585,00:06.021,00:01.988,00:00.000,00:00.000,00:00.000,00:00.000,
00T6000005HKyMiEAL.txt,5,00:00.819,00:00.643,00:00.234,00:03.216,00:00.000,00:00.000,00:00.000,00:00.000,00:00.000,
00T6000005HKyMiEAL.txt,6,00:02.631,00:00.117,00:00.643,00:04.502,00:00.000,00:00.000,00:00.000,00:00.000,00:00.000,
00T6000005HKyMiEAL.txt,7,00:06.314,00:00.468,00:00.293,00:01.344,00:00.000,00:00.000,00:00.000,00:00.000,00:00.000,
00T6000005HKyMiEAL.txt,8,00:00.351,00:00.526,00:00.760,00:03.508,00:00.000,00:00.000,00:00.000,00:00.000,00:00.000,
00T6000005HKyMiEAL.txt,9,00:12.687,00:00.584,00:00.965,00:04.561,00:00.000,00:00.000,00:00.000,00:00.000,00:00.000,
00T6000005HKyMiEAL.txt,10,00:02.017,00:00.003,-1:59.942,00:08.825,00:00.000,00:00.000,00:00.000,00:00.000,00:00.000,
00T6000005HKyMiEAL.txt,11,00:04.064,00:00.935,00:01.052,00:05.935,00:00.000,00:00.000,00:00.000,00:00.000,00:00.000,
00T6000005HKyMiEAL.txt,12,00:00.855,00:00.234,00:00.002,00:02.017,00:00.000,00:00.000,00:00.064,00:00.000,00:00.000,
00T6000005HKyMiEAL.txt,13,00:03.121,00:00.106,00:00.066,00:04.911,00:00.000,00:00.000,00:00.000,00:00.000,00:00.000,
00T6000005HKyMiEAL.txt,14,00:02.382,00:00.040,00:00.837,00:00.563,00:00.000,00:00.000,00:00.000,00:00.000,00:00.000,
00T6000005HKyMiEAL.txt,15,00:00.735,00:00.000,00:00.000,00:00.000,00:00.000,00:00.000,00:00.000,00:00.000,00:00.000,
00T6000005HKzx5EAD.txt,1,00:06.092,00:00.518,00:00.864,00:02.377,00:00.000,00:00.000,00:00.000,00:00.000,00:00.000,
00T6000005HKzx5EAD.txt,2,00:16.981,00:00.692,00:00.735,00:06.135,00:00.000,00:00.000,00:00.000,00:00.000,00:00.000,
00T6000005HKzx5EAD.txt,3,00:08.512,00:00.303,00:00.561,00:00.778,00:00.000,00:00.000,00:00.000,00:00.000,00:00.000,
00T6000005HKzx5EAD.txt,4,00:06.783,00:00.303,00:00.692,00:00.345,00:00.000,00:00.000,00:00.000,00:00.000,00:00.000,
00T6000005HKzx5EAD.txt,5,00:00.734,00:00.000,00:00.821,00:00.389,00:00.000,00:00.000,00:00.000,00:00.000,00:00.389,
00T6000005HL2Q8EAL.txt,1,00:00.825,00:00.559,00:00.240,00:01.758,00:00.000,00:00.000,00:00.000,00:00.000,00:00.000,
00T6000005HL2Q8EAL.txt,2,00:00.772,00:00.479,00:01.199,00:00.852,00:00.000,00:00.000,00:00.000,00:00.000,00:00.000,
00T6000005HL2Q8EAL.txt,3,00:00.932,00:00.399,00:01.172,00:00.373,00:00.000,00:00.000,00:00.000,00:00.000,00:00.000,
00T6000005HL2Q8EAL.txt,4,00:02.664,00:00.453,00:01.384,00:01.172,00:00.000,00:00.000,00:00.000,00:00.000,00:00.000,
00T6000005HL2Q8EAL.txt,5,00:14.541,00:01.092,00:00.026,00:02.637,00:00.000,00:00.000,00:00.000,00:00.000,00:00.000,
00T6000005HL2Q8EAL.txt,6,00:02.024,00:00.320,00:01.198,00:00.879,00:00.000,00:00.000,00:00.000,00:00.000,00:00.000,
00T6000005HL2Q8EAL.txt,7,00:02.743,00:00.532,00:00.745,00:00.267,00:00.000,00:00.000,00:00.000,00:00.000,00:00.000,
00T6000005HL2Q8EAL.txt,8,00:04.501,00:00.879,00:01.065,00:03.143,00:00.000,00:00.000,00:00.000,00:00.000,00:00.000,
00T6000005HL2Q8EAL.txt,9,00:11.530,00:00.453,00:00.481,00:03.675,00:00.000,00:00.000,00:00.905,00:00.000,00:00.000,
00T6000005HL2Q8EAL.txt,10,00:03.195,00:00.586,00:01.572,00:10.226,00:00.000,00:00.000,00:00.000,00:00.000,00:00.000,
00T6000005HL2Q8EAL.txt,11,00:18.802,00:00.719,00:01.533,00:04.099,00:00.000,00:00.000,00:00.000,00:00.000,00:00.000,
00T6000005HL2Q8EAL.txt,12,00:05.207,00:02.424,00:01.305,00:12.077,00:00.000,00:00.000,00:00.000,00:00.000,00:00.000,
00T6000005HL2Q8EAL.txt,13,00:07.203,00:01.292,00:00.027,00:03.209,00:00.000,00:00.000,00:00.000,00:00.000,00:00.000,
00T6000005HL2Q8EAL.txt,14,00:05.726,00:00.000,00:00.745,00:00.413,00:00.000,00:00.000,00:00.000,00:00.000,00:00.266,
00T6000005HL4p3EAD.txt,1,00:03.418,00:00.636,00:01.754,00:05.566,00:00.000,00:00.000,00:00.000,00:00.000,00:00.000,
00T6000005HL4p3EAD.txt,2,00:02.329,00:00.696,00:00.575,00:01.270,00:00.000,00:00.000,00:00.000,00:00.000,00:00.000,
00T6000005HL4p3EAD.txt,3,00:04.900,00:00.893,00:00.227,00:04.900,00:00.000,00:00.000,00:00.000,00:00.000,00:00.000,
00T6000005HL4p3EAD.txt,4,00:25.197,00:01.089,00:01.815,00:07.835,00:00.000,00:00.000,00:00.000,00:00.000,00:00.000,
00T6000005HL4p3EAD.txt,5,00:14.157,00:00.756,00:01.240,00:23.776,00:00.000,00:00.000,00:00.000,00:00.000,00:00.000,
00T6000005HL4p3EAD.txt,6,00:05.445,00:00.816,00:03.418,00:05.899,00:00.000,00:00.000,00:00.000,00:00.000,00:00.000,
00T6000005HL4p3EAD.txt,7,00:11.465,00:00.532,00:00.015,00:02.523,00:00.000,00:00.000,00:00.000,00:00.000,00:00.000,
00T6000005HL4p3EAD.txt,8,00:10.240,00:00.680,00:00.045,00:11.359,00:00.000,00:00.000,00:00.000,00:00.000,00:00.000,
00T6000005HL4p3EAD.txt,9,00:05.717,00:00.393,00:00.817,00:02.360,00:00.000,00:00.000,00:00.000,00:00.000,00:00.000,
00T6000005HL4p3EAD.txt,10,00:01.059,00:00.000,00:01.089,00:00.287,00:00.000,00:00.000,00:00.000,00:00.000,00:00.348,
00T6000005PMYZwEAP.txt,1,00:00.822,00:01.002,00:00.000,00:00.000,00:00.000,00:00.000,00:00.000,00:00.000,00:00.000,
00T6000005PMYZwEAP.txt,2,00:01.694,00:00.653,00:01.149,00:00.370,00:00.000,00:00.000,00:00.000,00:00.000,00:00.000,
00T6000005PMYZwEAP.txt,3,00:23.105,00:00.546,00:01.415,00:05.855,00:00.000,00:00.000,00:00.000,00:00.000,00:00.000,
00T6000005PMYZwEAP.txt,4,00:01.201,00:00.571,00:00.004,00:09.064,00:00.000,00:00.000,00:00.000,00:00.000,00:00.000,
00T6000005PMYZwEAP.txt,5,00:03.819,00:00.000,00:00.000,00:00.000,00:00.000,00:00.000,00:00.000,00:00.000,00:00.000,
00T6000005PN3UPEA1.txt,1,00:00.622,00:00.634,00:01.239,00:00.000,00:00.000,00:00.000,00:00.000,00:00.000,00:00.000,
00T6000005PN3UPEA1.txt,2,00:01.256,00:00.520,00:42.271,00:01.605,00:00.000,00:00.000,00:00.000,00:00.000,00:00.000,
00T6000005PN3UPEA1.txt,3,00:03.106,00:00.577,00:00.882,00:01.446,00:00.000,00:00.000,00:00.000,00:00.000,00:00.000,
00T6000005PN3UPEA1.txt,4,00:13.245,00:00.728,00:00.479,00:09.915,00:00.000,00:00.000,00:00.973,00:00.000,00:00.000,
00T6000005PN3UPEA1.txt,5,00:03.948,00:00.319,00:00.243,00:02.127,00:00.000,00:00.000,00:00.000,00:00.000,00:00.000,
00T6000005PN3UPEA1.txt,6,00:20.921,00:00.140,00:00.069,00:31.090,00:00.000,00:00.000,00:00.000,00:00.000,00:00.000,
00T6000005PN3UPEA1.txt,7,00:08.539,00:00.487,00:00.962,00:00.844,00:00.000,00:00.000,00:00.000,00:00.000,00:00.000,
00T6000005PN3UPEA1.txt,8,00:28.676,00:00.341,00:00.106,00:02.852,00:00.000,00:00.000,00:00.000,00:00.000,00:00.000,
00T6000005PN3UPEA1.txt,9,00:11.935,00:00.444,00:01.122,00:01.323,00:00.000,00:04.306,00:00.000,00:00.000,00:00.000,
00T6000005PN3UPEA1.txt,10,00:00.215,00:00.000,00:00.000,00:00.000,00:00.000,00:00.000,00:00.000,00:00.000,00:00.000,
00T6000005PN5ViEAL.txt,1,00:00.880,00:00.925,00:09.494,00:00.290,00:00.000,00:00.000,00:00.000,00:00.000,00:00.000,
00T6000005PN5ViEAL.txt,2,00:02.541,00:00.590,00:01.206,00:01.205,00:00.000,00:00.000,00:00.000,00:00.000,00:00.000,
00T6000005PN5ViEAL.txt,3,00:12.349,00:01.309,00:00.838,00:01.951,00:00.000,00:00.000,00:00.000,00:00.000,00:00.000,
00T6000005PN5ViEAL.txt,4,00:02.259,00:00.652,00:01.120,00:01.792,00:00.000,00:00.000,00:00.000,00:00.000,00:00.000,
00T6000005PN5ViEAL.txt,5,00:06.165,00:00.448,00:00.681,00:08.717,00:00.000,00:00.000,00:00.000,00:00.000,00:00.000,
00T6000005PN5ViEAL.txt,6,00:01.558,00:00.523,00:00.363,00:00.218,00:00.000,00:00.000,00:00.000,00:00.000,00:00.000,
00T6000005PN5ViEAL.txt,7,00:00.595,00:00.000,00:00.000,00:00.000,00:00.000,00:00.000,00:00.000,00:00.000,00:00.000,
00T6000005PN6pXEAT.txt,1,00:01.073,00:00.591,00:00.989,00:01.010,00:00.000,00:00.000,00:00.000,00:00.000,00:00.000,
00T6000005PN6pXEAT.txt,2,00:02.839,00:00.507,00:00.795,00:00.909,00:00.000,00:00.000,00:00.000,00:00.000,00:00.000,
00T6000005PN6pXEAT.txt,3,00:26.015,00:00.618,00:01.100,00:45.098,00:00.000,00:00.000,00:00.000,00:00.000,00:00.000,
00T6000005PN6pXEAT.txt,4,00:09.542,00:01.541,00:00.432,00:02.288,00:00.000,00:00.000,00:05.224,00:00.000,00:00.000,
00T6000005PN6pXEAT.txt,5,00:01.894,00:00.917,00:00.685,00:01.046,00:00.000,00:00.000,00:00.000,00:00.000,00:00.000,
00T6000005PN6pXEAT.txt,6,00:45.489,00:00.553,00:00.162,00:00.520,00:00.000,00:00.000,00:00.000,00:00.000,00:00.000,
00T6000005PN6pXEAT.txt,7,00:01.755,00:00.367,00:00.678,00:00.753,00:00.000,00:00.000,00:00.000,00:00.000,00:00.000,
00T6000005PN6pXEAT.txt,8,00:00.972,00:00.474,00:00.511,00:00.242,00:00.000,00:00.000,00:00.000,00:00.000,00:00.000,
00T6000005PN6pXEAT.txt,9,00:00.409,00:00.000,00:00.000,00:00.000,00:00.000,00:00.000,00:00.000,00:00.000,00:00.000,
00T6000005PNATREA5.txt,1,00:01.196,00:00.901,00:13.451,00:01.414,00:00.000,00:00.000,00:00.000,00:00.000,00:00.000,
00T6000005PNATREA5.txt,2,00:04.138,00:00.458,00:00.989,00:02.183,00:00.000,00:00.000,00:00.000,00:00.000,00:00.000,
00T6000005PNATREA5.txt,3,00:13.903,00:00.864,00:01.050,00:09.301,00:00.000,00:00.000,00:00.000,00:00.000,00:00.000,
00T6000005PNATREA5.txt,4,00:04.548,00:00.523,00:00.856,00:00.948,00:00.000,00:00.000,00:00.000,00:00.000,00:00.000,
00T6000005PNATREA5.txt,5,00:00.689,00:00.454,00:00.791,00:00.450,00:00.000,00:00.000,00:00.000,00:00.000,00:00.000,
00T6000005PNATREA5.txt,6,00:00.114,00:00.000,00:00.000,00:00.000,00:00.000,00:00.000,00:00.000,00:00.000,00:00.000,
00T6000005PNEM6EAP.txt,1,00:01.880,00:00.732,00:00.000,00:00.000,00:00.000,00:00.000,00:00.000,00:00.000,00:00.000,
00T6000005PNEM6EAP.txt,2,00:01.810,00:00.669,00:01.229,00:00.000,00:00.000,00:00.000,00:00.000,00:00.000,00:00.000,
00T6000005PNEM6EAP.txt,3,00:00.268,00:01.037,00:07.659,00:00.308,00:00.000,00:00.000,00:00.000,00:00.000,00:00.000,
00T6000005PNEM6EAP.txt,4,00:03.220,00:01.250,00:01.571,00:01.230,00:00.000,00:00.000,00:00.000,00:00.000,00:00.000,
00T6000005PNEM6EAP.txt,5,00:11.821,00:00.530,00:00.002,00:01.459,00:00.000,00:00.000,00:00.000,00:00.000,00:00.000,
00T6000005PNEM6EAP.txt,6,00:01.036,00:00.000,00:00.000,00:00.000,00:00.000,00:00.000,00:00.000,00:00.000,00:00.000,
